id_producto,categoria,descripcion,marca,cantidad_base,unidad_base,n_observaciones,origen,revisado
7790272001029,almacen.aceite_girasol_900ml,ACEITE DE GIRASOL,NATUR,1.5,l,2503,auto,no
7790272001005,almacen.aceite_girasol_900ml,ACEITE DE GIRASOL,NATUR,0.9,l,2475,auto,no
7790070012050,almacen.aceite_girasol_900ml,ACEITE DE GIRASOL,COCIN,0.9,l,2370,auto,no
7792180001641,almacen.aceite_girasol_900ml,ACEITE DE GIRASOL,CAÑUE,0.9,l,2235,auto,no
7798316700808,almacen.aceite_girasol_900ml,ACEITE DE GIRASOL,LEGIT,0.9,l,2132,auto,no
7792180137944,almacen.aceite_girasol_900ml,ACEITE DE GIRASOL,PUREZ,1.5,l,1536,auto,no
8480017181770,almacen.aceite_girasol_900ml,ACEITE DE GIRASOL,DIA,0.9,l,969,auto,no
7792180137937,almacen.aceite_girasol_900ml,ACEITE DE GIRASOL PUREZA PET 900 CC,PUREZA,1,un,503,auto,no
7799044003780,almacen.aceite_girasol_900ml,"ACEITE DE GIRASOL, LA ANONIMA, 900 CM3",LA ANONIMA,0.9,l,171,auto,no
7793377000317,almacen.aceite_girasol_900ml,ACEITE GIRASOL LAGRI.DSOL,LAGRIMAS DEL SOL,0.9,l,164,auto,no
7791102068199,almacen.aceite_girasol_900ml,ACEITE GIRASOL COOPERATIV,COOPERATIVA,0.9,l,154,auto,no
7794870055835,almacen.aceite_girasol_900ml,ACEITE GIRASOL P.PCIO,PRIMER PRECIO,0.9,l,154,auto,no
7790070230454,almacen.aceite_girasol_900ml,ACEITE IDEAL GIRASOL X 900 ML,IDEAL,0.9,l,24,auto,no
7790070231468,almacen.aceite_girasol_900ml,ACEITE GIRASOL LIRA,LIRA,0.9,l,16,auto,no
7791615001751,almacen.aceite_girasol_900ml,ACEITE DE GIRASOL PRIMER PRECIO 900,BUNGE,0.9,l,4,auto,no
8480017524485,almacen.aceite_mezcla_900ml,ACEITE MEZCLA,OPI,0.9,l,969,auto,no
7790060234868,almacen.aceite_mezcla_900ml,ACEITE MEZCLA COCINERO,COCINERO,0.9,l,587,auto,no
7794870000330,almacen.aceite_mezcla_900ml,ACEITE MEZCLA SIGLO D ORO,SIGLO DE ORO,0.9,l,154,auto,no
7790070231574,almacen.aceite_mezcla_900ml,ACEITE MEZCLA ESPECIAL LIRA PET 900 ML,LIRA,0.9,l,102,auto,no
7791120031557,almacen.arroz_largo_fino_1kg,ARROZ LARGO FINO,MOLIN,1,kg,2430,auto,no
7790070431486,almacen.arroz_largo_fino_1kg,ARROZ LARG FINO BOLS,LUCCH,0.001,kg,2362,auto,no
7798078450126,almacen.arroz_largo_fino_1kg,ARROZ LARGO FINO,VANGU,1,kg,1457,auto,no
7790070412126,almacen.arroz_largo_fino_1kg,ARROZ LARGO FINO,MAXIM,1,kg,1307,auto,no
7792180139535,almacen.arroz_largo_fino_1kg,ARROZ LARGO FINO,CAÑUE,1,kg,1269,auto,no
7791120100819,almacen.arroz_largo_fino_1kg,ARROZ LARGO FINO ITÁ CAABÓ MOLINOS ALA PAQ 1 KGM,MOLINOS ALA,1,kg,1221,auto,no
7790070431448,almacen.arroz_largo_fino_1kg,ARROZ GALLO LARGO FINO BOLSA 1KG PAQ-1000-GR.,GALLO,0.001,kg,858,auto,no
7790503199082,almacen.arroz_largo_fino_1kg,"ARROZ LARGO FINO 00000, DOS HERMANOS, 1000 GR",DOS HERMANOS,1,kg,737,auto,no
7790847060567,almacen.arroz_largo_fino_1kg,"ARROZ LARGO FINO, DON MARCOS, 1000 GR",DON MARCOS,1,kg,197,auto,no
7791120031656,almacen.arroz_largo_fino_1kg,ARROZ LARGO FINO 00000,APOSTOLES,1,kg,183,auto,no
7792710001523,almacen.arroz_largo_fino_1kg,ARROZ AMANDA LARGO FINO 5/0 1KG.,ARROZ AMANDA LARGO F,1,un,159,auto,no
7799044041942,almacen.arroz_largo_fino_1kg,"ARROZ LARGO FINO 00000, BEST, 1000 GR",BEST,1,kg,138,auto,no
7799120005134,almacen.arroz_largo_fino_1kg,ALIADA ARROZ LARGO FINO,ALIADA,1,kg,93,auto,no
7790387070019,almacen.arroz_largo_fino_1kg,ARROZ LARGO FINO 00000 MARIA X 1 KG,MARIA,1,un,82,auto,no
7790070433138,almacen.arroz_largo_fino_1kg,ARROZ GALLO LARGO FINO BOLSA X 1 KG,GALLO,1,kg,24,auto,no
7799044041959,almacen.arroz_largo_fino_1kg,"ARROZ LARGO FINO 00000, LA ANONIMA, 1000 GR",LA ANONIMA,1,kg,21,auto,no
7790022000098,almacen.arroz_largo_fino_1kg,ARROZ MANDISOVI LARGO FINO 00000 1 KG,MOLINO ARROCERO RIO PARANA,1,kg,11,auto,no
7790070408310,almacen.arroz_largo_fino_1kg,ARROZ LUCCHETTI LARGO FINO 1 KG.,MOLINOS RIO DL.PLATA,1,kg,4,auto,no
7791880000145,almacen.arroz_largo_fino_1kg,ARROZ GALLO LARGO FINO 1 KG.,MOLINOS RIO DL.PLATA,1,kg,4,auto,no
7797330107419,almacen.arroz_largo_fino_1kg,ARROZ INTEG LARGO FINO X 300 G,SIN MARCA,1,kg,1,auto,no
7792540250450,almacen.azucar_comun_1kg,AZUCAR SUPERIOR,LEDES,1,kg,2067,auto,no
7799086000389,almacen.azucar_comun_1kg,AZUCAR COMUN TIPO A,DOMIN,1,kg,1301,auto,no
7798174970016,almacen.azucar_comun_1kg,AZUCAR COMUN TIPO A AZUCEL BOLSA X 1 KG,AZUCEL,1,un,1136,auto,no
8480017298515,almacen.azucar_comun_1kg,AZUCAR COMUN TIPO A,DIA,1,kg,968,auto,no
7791100000481,almacen.azucar_comun_1kg,AZUCAR CHANGO BSA 1KG BSA-1000-GR.,CHANGO,0.001,kg,260,auto,no
7792540260138,almacen.azucar_comun_1kg,AZUCAR LEDESMA CLASICA,LEDESMA,1,kg,246,auto,no
7798141971381,almacen.azucar_comun_1kg,AZUCAR LA PROVIDENCIA,LA PROVIDENCIA,1,kg,142,auto,no
7891910030682,almacen.azucar_comun_1kg,AZÚCAR CRISTAL CLASICA UNIAO PAQ 1 KGM,UNIAO,1,kg,120,auto,no
7799120000405,almacen.azucar_comun_1kg,CHECK AZUCAR COMUN T,CHECK,1,kg,93,auto,no
0714604463832,almacen.azucar_comun_1kg,AZUCAR PRIMER PRECIO,PRIMER PRECIO,1,kg,89,auto,no
7796699000010,almacen.azucar_comun_1kg,AZUCAR COMUN,CALIDAD,1,kg,26,auto,no
7790220000531,almacen.azucar_comun_1kg,AZUCAR FRONTERITA 1KG,JOSE MINETTI Y CIA. S.A.C.I.,1,kg,11,auto,no
7790220000760,almacen.azucar_comun_1kg,AZUCAR FRONTERITA 1KG,JOSE MINETTI Y CIA. S.A.C.I.,1,kg,11,auto,no
7790495005644,almacen.azucar_comun_1kg,AZUCAR YIN YANG ORG,YIN YANG,1,kg,10,auto,no
7798141971565,almacen.azucar_comun_1kg,AZUCAR PRIMER PRECIO 1KG.,AZUCAR VARIOS,1,kg,4,auto,no
7795631000019,almacen.azucar_comun_1kg,AZUCAR MYRIAM 1 KG.,AZUCAR VARIOS,1,kg,3,auto,no
7790070336118,almacen.fideos_secos_500g,FIDEOS TALLARIN N5,LUCCH,0.5,kg,2498,auto,no
7790070320285,almacen.fideos_secos_500g,FIDEO SPAGHETTI,FAVOR,0.5,kg,2497,auto,no
7790070336545,almacen.fideos_secos_500g,FIDEOS FETUCCINI,DONVI,0.5,kg,2497,auto,no
7790070336293,almacen.fideos_secos_500g,FIDEOS TIRABUZON,MATAR,0.5,kg,2472,auto,no
7790070336385,almacen.fideos_secos_500g,FIDEOS SPAGHETTI,LUCCH,0.5,kg,2471,auto,no
7790070336149,almacen.fideos_secos_500g,FIDEOS MOSTACHOL,LUCCH,0.5,kg,2467,auto,no
7790070336316,almacen.fideos_secos_500g,FIDEOS TALLARIN,500GR,0.5,kg,2464,auto,no
7790070336576,almacen.fideos_secos_500g,FIDEOS TALLARIN,DONVI,0.5,kg,2451,auto,no
7790070336026,almacen.fideos_secos_500g,FIDEO TIRABUZON,LUCCH,0.5,kg,2393,auto,no
7790070336217,almacen.fideos_secos_500g,FIDEOS MOSTACHOL,MATAR,0.5,kg,2391,auto,no
7790070320308,almacen.fideos_secos_500g,FIDEO TIRABUZON,FAVOR,0.5,kg,2388,auto,no
7790070320001,almacen.fideos_secos_500g,FIDEOS CABELLO DE ANGEL MATARAZZO BOLSA X 500 GRS,MATARAZZO,1,un,2371,auto,no
7790070336309,almacen.fideos_secos_500g,FIDEOS SPAGHETTI,MATAR,0.5,kg,2366,auto,no
7790070336361,almacen.fideos_secos_500g,FIDEOS PENNE RIGATE,LUCCH,0.5,kg,2331,auto,no
7790070336552,almacen.fideos_secos_500g,FIDEOS CASERITO,DONVI,0.5,kg,2320,auto,no
7790070336057,almacen.fideos_secos_500g,FIDEOS TIRABUZON VEG,LUCHE,0.5,kg,2241,auto,no
7790070318398,almacen.fideos_secos_500g,FIDEOS DEDALITOS,LUCCH,0.5,kg,2237,auto,no
7790070336651,almacen.fideos_secos_500g,FIDEOS SPAGHETTI RINA MATARAZZO X 500 GRS,RINA,1,un,2187,auto,no
7790070335944,almacen.fideos_secos_500g,FIDEO PENNE RIGA N45,MATAR,0.5,kg,2136,auto,no
7790070318381,almacen.fideos_secos_500g,FIDEOS LETRITAS,LUCCH,0.5,kg,2119,auto,no
7790070320292,almacen.fideos_secos_500g,FIDEO TALLARIN,FAVOR,0.5,kg,1917,auto,no
7790230033031,almacen.fideos_secos_500g,FIDEOS MOÑO MEDIANO,MATAR,0.5,kg,1885,auto,no
7790070320315,almacen.fideos_secos_500g,FIDEO MOSTACHOL,FAVOR,0.5,kg,1628,auto,no
7790070336644,almacen.fideos_secos_500g,FIDEOS FUSILLI,RINA,0.5,kg,1592,auto,no
7790070336590,almacen.fideos_secos_500g,FIDEOS TIRABUZON,DONVI,0.5,kg,1504,auto,no
7790070318343,almacen.fideos_secos_500g,FIDEOS CODITOS LUCCHETTI BOLSA X 500 GRS,LUCCHETTI,1,un,1481,auto,no
7790070336200,almacen.fideos_secos_500g,FIDEOS PENNE RIGATE MATARAZZO X 500 GRS,MATARAZZO,1,un,1429,auto,no
7790070318350,almacen.fideos_secos_500g,FIDEOS MONOS LUCCHETTI BOLSA X 500 GRS,LUCCHETTI,1,un,1420,auto,no
7790070335937,almacen.fideos_secos_500g,FIDEOS TIRABUZON 3 VEGETALES MATARAZZO X 500 GRS,MATARAZZO,1,un,1403,auto,no
7790070335982,almacen.fideos_secos_500g,FIDEOS S TACC TIRABUZON MATARAZZO X 500 GRS,MATARAZZO,1,un,1399,auto,no
7790070320025,almacen.fideos_secos_500g,FIDEOS DEDALITOS MATARAZZO BOLSA X 500 GRS,MATARAZZO,1,un,1318,auto,no
7790070321664,almacen.fideos_secos_500g,FIDEOS CINTA FETUCCINI ESPIN DON VICENTE X 500 GRS,DON VICENTE,1,un,1308,auto,no
7790070318374,almacen.fideos_secos_500g,FIDEOS AVE MARIA LUCCHETTI BOLSA X 500 GRS,LUCCHETTI,1,un,1306,auto,no
7790070336002,almacen.fideos_secos_500g,FIDEOS S TACC SPAGHETTI MATARAZZO X 500 GRS,MATARAZZO,1,un,1228,auto,no
7790070335999,almacen.fideos_secos_500g,FIDEOS S TACC PENNE RIGATE MATARAZZO X 500 GRS,MATARAZZO,1,un,1188,auto,no
7790070336583,almacen.fideos_secos_500g,FIDEOS GUISEROS MONOS DON VICENTE BOLSA X 500 GRS,DON VICENTE,1,un,1186,auto,no
7790070336477,almacen.fideos_secos_500g,FIDEOS TALLARINES N7 TERRABUSI X 500 GRS,TERRABUSI,1,un,1174,auto,no
7797470199244,almacen.fideos_secos_500g,FIDEOS MOSTACHOL,MAROL,0.5,kg,1065,auto,no
7797470199237,almacen.fideos_secos_500g,FIDEOS TIRABUZON,MAROL,0.5,kg,1063,auto,no
7790070318619,almacen.fideos_secos_500g,FIDEOS CODITOS RAYADOS MATARAZZO BOLS X 500 GRS,MATARAZZO,1,un,1042,auto,no
7797470199367,almacen.fideos_secos_500g,FIDEOS SPAGHETTI,MAROL,0.5,kg,971,auto,no
8480017269577,almacen.fideos_secos_500g,FIDEOS MOSTACH TRIG0,DIA,0.5,kg,969,auto,no
8480017269591,almacen.fideos_secos_500g,FIDEOS CABELLO ANGEL,DIA,0.5,kg,969,auto,no
8480017299468,almacen.fideos_secos_500g,FIDEOS FUSILES,DIA,0.5,kg,969,auto,no
8480017268693,almacen.fideos_secos_500g,FIDEOS SPAGHETTI TRI,DIA,0.5,kg,968,auto,no
8480017269560,almacen.fideos_secos_500g,FIDEO TIRABU 100 TRI,DIA,0.5,kg,968,auto,no
8480017269584,almacen.fideos_secos_500g,FIDEOS CODITO TRIGO,DIA,0.5,kg,968,auto,no
8480017269621,almacen.fideos_secos_500g,FIDEOS MOÑOS,DIA,0.5,kg,968,auto,no
7790070336675,almacen.fideos_secos_500g,FIDEOS RINA ESPIN SPAGH 500G PAQ-500-GR.,RINA,0.0005,kg,833,auto,no
7790070320155,almacen.fideos_secos_500g,FIDEOS LUCCHETTI CABELLO DE ANGEL X500G PAQ-500-GR.,LUCCHETTI,0.0005,kg,825,auto,no
7790070320018,almacen.fideos_secos_500g,FIDEOS MATARAZZO AVE MARIA PAQ-500-GR.,MATARAZZO,0.5,kg,816,auto,no
7790070337085,almacen.fideos_secos_500g,FIDEOS LUCCHETTI TIRABUZ N34 HUEV X500G SOB-500-GR.,LUCCHETTI,0.0005,kg,814,auto,no
7790070336668,almacen.fideos_secos_500g,FIDEOS RINA MORRON SPAGH 500G PAQ-500-GR.,RINA,0.0005,kg,808,auto,no
7790070318671,almacen.fideos_secos_500g,FIDEOS MATARAZZO PAQ-500-GR.,MATARAZZO,0.5,kg,768,auto,no
7790070336637,almacen.fideos_secos_500g,FIDEOS RINA RIGATTI CE 500G PAQ-500-GR.,RINA,0.0005,kg,757,auto,no
7790070337108,almacen.fideos_secos_500g,FIDEOS LUCCHETTI SPAGHET N5HUEVO X500G SOB-500-GR.,LUCCHETTI,0.0005,kg,748,auto,no
7790070318312,almacen.fideos_secos_500g,"FIDEOS NIDOS FETTUCCINE, LUCCHETTI, 500 GR",LUCCHETTI,0.5,kg,705,auto,no
7790070336392,almacen.fideos_secos_500g,"FIDEOS FORATINI, LUCCHETTI, 500 GR",LUCCHETTI,0.5,kg,692,auto,no
7790070337092,almacen.fideos_secos_500g,"FIDEOS AL HUEVO MOSTACHOL N°51, LUCCHETTI, 500 GR",LUCCHETTI,0.5,kg,668,auto,no
8076800195057,almacen.fideos_secos_500g,FIDEOS SPAGHETTI BARILLA CAJA X 500 GRS,BARILLA,1,un,659,auto,no
7790070337009,almacen.fideos_secos_500g,FIDEOS LUCCHETTI TALLARIN HUEV N7 X500G SOB-500-GR.,LUCCHETTI,0.0005,kg,656,auto,no
7790070321435,almacen.fideos_secos_500g,FIDEOS DEDALITOS FAVORITA BOLSA X 500 GRS,FAVORITA,1,un,644,auto,no
7790070318855,almacen.fideos_secos_500g,FIDEOS LUCCHETTI MUNICIONES PAQ-500-GR.,LUCCHETTI,0.5,kg,637,auto,no
7790070335647,almacen.fideos_secos_500g,FIDEOS DON FELIPE TIRABUZÓN FORT X500G PAQ-500-GR.,DON FELIPE,0.0005,kg,636,auto,no
7790070336224,almacen.fideos_secos_500g,FIDEOS S TACC MIX LEG TIRABUZON MATARAZZO X 500 GR,MATARAZZO,1,un,635,auto,no
7790070320032,almacen.fideos_secos_500g,FIDEOS MATARAZZO MUNICION PAQ-500-GR.,MATARAZZO,0.5,kg,615,auto,no
7790070336460,almacen.fideos_secos_500g,FIDEOS TERRABUSI SPAGHETTI N3 X500G PAQ-500-GR.,TERRABUSI,0.0005,kg,576,auto,no
7730114100077,almacen.fideos_secos_500g,FIDEOS DE ARROZ BLUE PATNA MOST. P/CELIA PAQ-500-GR.,BLUE PATNA,0.0005,kg,535,auto,no
7790580145378,almacen.fideos_secos_500g,"FIDEOS TALLARIN, ARCOR, 500 GR",ARCOR,0.5,kg,524,auto,no
7790070320322,almacen.fideos_secos_500g,FIDEOS CODITOS RAYADOS FAVORITA X500 GRS,FAVORITA,1,un,522,auto,no
7790070336323,almacen.fideos_secos_500g,FIDEOS BUCATTINI MATARAZZO X 500 GRS,MATARAZZO,1,un,493,auto,no
7792715070678,almacen.fideos_secos_500g,FIDEOS NIDO AL HUEVO N3 MONTE LIRIO X 500 GRS,MONTE LIRIO,1,un,473,auto,no
7790070337207,almacen.fideos_secos_500g,"FIDEOS FETTUCCINI MORRON, DON VICENTE, 500 GR",DON VICENTE,0.5,kg,440,auto,no
8076800195033,almacen.fideos_secos_500g,FIDEOS SPAGHUETTINI BARILLA CAJA X 500 GRS,BARILLA,1,un,439,auto,no
7790070335678,almacen.fideos_secos_500g,FIDEOS TERRABUSI CODITOS X500G PAQ-500-GR.,TERRABUSI,0.0005,kg,438,auto,no
7730114100015,almacen.fideos_secos_500g,FIDEOS S TACC ARROZ SPAG BLUE PATNA X 500 GRS,BLUE PATNA,1,un,428,auto,no
7790070336446,almacen.fideos_secos_500g,FIDEOS MOSTACHOLES RAYADOS TERRABUSI X 500 GRS,TERRABUSI,1,un,415,auto,no
7790580142360,almacen.fideos_secos_500g,"FIDEOS MOSTACHOL, ARCOR, 500 GR",ARCOR,0.5,kg,411,auto,no
7790580145385,almacen.fideos_secos_500g,"FIDEOS SPAGHETTI, ARCOR, 500 GR",ARCOR,0.5,kg,411,auto,no
7790580142339,almacen.fideos_secos_500g,"FIDEOS TIRABUZON, ARCOR, 500 GR",ARCOR,0.5,kg,407,auto,no
7790427000020,almacen.fideos_secos_500g,FIDEOS CINTA NIDO N 2 AL HUEVO 308 BOLSA X 500 GRS,308,1,un,406,auto,no
7790580144630,almacen.fideos_secos_500g,"FIDEOS AVE MARIA, ARCOR, 500 GR",ARCOR,0.5,kg,406,auto,no
8076802085738,almacen.fideos_secos_500g,"FIDEOS PENNE RIGATE, BARILLA, 500 GR",BARILLA,0.5,kg,403,auto,no
8076802085981,almacen.fideos_secos_500g,FIDEOS FUSILLI CAJA BARILLA CAJA X 500 GRS,BARILLA,1,un,403,auto,no
7790580144623,almacen.fideos_secos_500g,"FIDEOS DEDALITOS, ARCOR, 500 GR",ARCOR,0.5,kg,399,auto,no
7790070337214,almacen.fideos_secos_500g,"FIDEOS FETTUCCINI ZAPALLO Y ZANAH., DON VICENTE, 500 GR",DON VICENTE,0.5,kg,398,auto,no
7790580142346,almacen.fideos_secos_500g,"FIDEOS CODITOS, ARCOR, 500 GR",ARCOR,0.5,kg,398,auto,no
7790070336071,almacen.fideos_secos_500g,FIDEO .FUSILLI MIX D/VEGETALES TERRABUSI PAQ 500 GRM,TERRABUSI,0.5,kg,396,auto,no
7790070100337,almacen.fideos_secos_500g,"FIDEOS CASERECCIA AL HUEVO, RINA, 500 GR",RINA,0.5,kg,388,auto,no
7790070335623,almacen.fideos_secos_500g,FIDEOS DON FELIPE TALLARÍN FORT X500G PAQ-500-GR.,DON FELIPE,0.0005,kg,384,auto,no
7730114100046,almacen.fideos_secos_500g,FIDEOS DE ARROZ BLUE PATNA TIRABUZON P/C PAQ-500-GR.,BLUE PATNA,0.0005,kg,370,auto,no
7790070336453,almacen.fideos_secos_500g,FIDEOS TERRABUSI FUSILLI X500G PAQ-500-GR.,TERRABUSI,0.0005,kg,347,auto,no
8006680040291,almacen.fideos_secos_500g,FIDEOS GUISEROS FUSILLI DELVERDE PAQ-500-GR.,DELVERDE,0.0005,kg,342,auto,no
7798141970346,almacen.fideos_secos_500g,FIDEOS SPAGHETTI LA PROVIDENCIA PAQ-500-GR.,LA PROVIDENCIA,0.0005,kg,330,auto,no
8006680040116,almacen.fideos_secos_500g,FIDEOS LARGOS LINGUINE DELVERDE PAQ-500-GR.,DELVERDE,0.0005,kg,307,auto,no
7790427000440,almacen.fideos_secos_500g,FIDEOS CINTA NIDO N4 AL HUEVO 308 X 500 GRS,308,1,un,287,auto,no
7790070335616,almacen.fideos_secos_500g,FIDEOS DON FELIPE SPAGHETTI FORT X500G PAQ-500-GR.,DON FELIPE,0.0005,kg,284,auto,no
7792180141668,almacen.fideos_secos_500g,FIDEO FUSILLI AL HUEVO PUREZA PAQ 500 GRM,PUREZA,0.5,kg,283,auto,no
8006680040321,almacen.fideos_secos_500g,FIDEOS GUISEROS PENNE RIGATE DELVERDE. PAQ-500-GR.,DELVERDE,0.0005,kg,276,auto,no
0656750803707,almacen.fideos_secos_500g,FIDEOS NIDO AL HUEVO N2 EL RECORD X 500 GRS,EL RECORD,1,un,266,auto,no
7790427000037,almacen.fideos_secos_500g,FIDEOS CINTA NIDO N 3 AL HUEVO 308 BOLSA X 500 GRS,308,1,un,258,auto,no
7730114000797,almacen.fideos_secos_500g,"FIDEOS DE ARROZ FETTUCCINI AL HUEVO, BLUE PATNA, 500 GR",BLUE PATNA,0.5,kg,255,auto,no
8076808150072,almacen.fideos_secos_500g,FIDEOS SPAGHETTONI N.7 BARILLA CAJA X 500 GRS,BARILLA,1,un,254,auto,no
7622300724283,almacen.fideos_secos_500g,FIDEOS SOPEROS SEM. TERRABUSI AVE MARIA PAQ 500 GRM,TERRABUSI,0.5,kg,249,auto,no
7790070317698,almacen.fideos_secos_500g,FIDEOS FAVORITA LARGOS DE SÉMOLA PAQ-500-GR.,FAVORITA,0.0005,kg,249,auto,no
7790070317674,almacen.fideos_secos_500g,FIDEOS FAVORITA 500G. TALLARIN,MOLINOS RIO DL.PLATA,0.5,kg,247,auto,no
7798141971084,almacen.fideos_secos_500g,FIDEOS TAGLIATELLE LA PROVIDENCIA PAQ-500-GR.,LA PROVIDENCIA,0.0005,kg,246,auto,no
7798141970353,almacen.fideos_secos_500g,FIDEOS TALLARIN LA PROVIDENCIA PAQ-500-GR.,LA PROVIDENCIA,0.0005,kg,245,auto,no
0656750803721,almacen.fideos_secos_500g,FIDEOS NIDO AL HUEVO N6 EL RECORD X 500 GRS,EL RECORD,1,un,239,auto,no
7798141970384,almacen.fideos_secos_500g,FIDEOS TIRABUZON LA PROVIDENCIA PAQ-500-GR.,LA PROVIDENCIA,0.0005,kg,238,auto,no
0656750803738,almacen.fideos_secos_500g,FIDEOS NIDO AL HUEVO C ESPINACA EL RECORD X 500 GR,EL RECORD,1,un,236,auto,no
0656750803714,almacen.fideos_secos_500g,FIDEOS NIDO AL HUEVO N3 EL RECORD X 500 GRS,EL RECORD,1,un,233,auto,no
7798031150049,almacen.fideos_secos_500g,"FIDEOS SPAGHETTI, BONAVITA, 500 GR",BONAVITA,0.5,kg,230,auto,no
7790070317742,almacen.fideos_secos_500g,FIDEOS FAVORITA 500G. TIRABUZON,MOLINOS RIO DL.PLATA,0.5,kg,221,auto,no
7790427000013,almacen.fideos_secos_500g,FIDEOS CINTA NIDO N 1 AL HUEVO 308 BOLSA X 500 GRS,308,1,un,217,auto,no
7790427000242,almacen.fideos_secos_500g,FIDEOS SEMOLIN C/MORRON TALLARINES N°2 308 PAQ 500 GRM,308,0.5,kg,202,auto,no
7790427004196,almacen.fideos_secos_500g,FIDEO D/SEMOLA CABELLO DE ANGEL 308 PAQ 500 GRM,308,0.5,kg,202,auto,no
7790427005155,almacen.fideos_secos_500g,FIDEOS 308 TALLARIN,308,0.5,kg,202,auto,no
7798031150063,almacen.fideos_secos_500g,"FIDEOS TALLARINES, BONAVITA, 500 GR",BONAVITA,0.5,kg,199,auto,no
0781159091483,almacen.fideos_secos_500g,"FIDEOS SPAGUETTI, PASTASOLE, 500 GR",PASTASOLE,0.5,kg,180,auto,no
7799044034722,almacen.fideos_secos_500g,"FIDEOS CABELLO DE ANGEL, LA ANONIMA, 500 GR",LA ANONIMA,0.5,kg,179,auto,no
0781159406003,almacen.fideos_secos_500g,"FIDEOS CODITO, PASTASOLE, 500 GR",PASTASOLE,0.5,kg,176,auto,no
0656750803745,almacen.fideos_secos_500g,FIDEOS NIDO AL HUEVO C MORRON EL RECORD X 500 GRS,EL RECORD,1,un,174,auto,no
7798031150384,almacen.fideos_secos_500g,FIDEOS GUISEROS SEM.MOSTACHOL RAYADO BONAVITA PAQ 500 GRM,BONAVITA,0.5,kg,174,auto,no
7730114000780,almacen.fideos_secos_500g,"FIDEOS DE ARROZ DEDALITOS AL HUEVO, BLUE PATNA, 500 GR",BLUE PATNA,0.5,kg,173,auto,no
0781159091490,almacen.fideos_secos_500g,"FIDEOS TIRABUZON, PASTASOLE, 500 GR",PASTASOLE,0.5,kg,166,auto,no
0781159091506,almacen.fideos_secos_500g,"FIDEOS MOSTACHOL, PASTASOLE, 500 GR",PASTASOLE,0.5,kg,165,auto,no
7798031150070,almacen.fideos_secos_500g,FIDEOS GUISEROS SEM.TIRABUZÓN BONAVITA PAQ 500 GRM,BONAVITA,0.5,kg,163,auto,no
7795390000015,almacen.fideos_secos_500g,FIDEOS BAHIA BLANCA FINOS X500GS,,0.5,kg,157,auto,no
7795390000121,almacen.fideos_secos_500g,FIDEOS BAHIA BLANCA ANCHOS X500GS,,0.5,kg,157,auto,no
7791599014723,almacen.fideos_secos_500g,FIDEOS SPAGUETTI,PRIMER PRECIO,0.5,kg,156,auto,no
7791599014730,almacen.fideos_secos_500g,FIDEOS TALLARINES,PRIMER PRECIO,0.5,kg,155,auto,no
7792180004956,almacen.fideos_secos_500g,FIDEOS SAN AGUSTIN MOST X500G,SAN AGUSTIN,0.5,kg,155,auto,no
7792180004963,almacen.fideos_secos_500g,FIDEOS CODITO SAN AGUSTIN 500G,SIN MARCA,1,un,155,auto,no
7798199870032,almacen.fideos_secos_500g,FIDEOS FUSILLI BONALMA X 500 GRS,BONALMA,1,un,144,auto,no
7792180137159,almacen.fideos_secos_500g,FIDEO INTEG.SAN AGUSTIN MOST,SIN MARCA,1,un,142,auto,no
7798183900042,almacen.fideos_secos_500g,FIDEOS FUSILLI Nº 34 DEI SAPORI PAQ 500 GRM,DEI SAPORI,0.5,kg,142,auto,no
7798199870018,almacen.fideos_secos_500g,FIDEOS SPAGHETTI BONALMA DE SEMOLA 500G PAQ-500-GR.,BONALMA,0.0005,kg,142,auto,no
0781159406010,almacen.fideos_secos_500g,"FIDEOS CARACOLITOS, PASTASOLE, 500 GR",PASTASOLE,0.5,kg,141,auto,no
7798183900486,almacen.fideos_secos_500g,FIDEOS GNOCCHETTI SARDI Nº 31 DEI SAPORI PAQ 500 GRM,DEI SAPORI,0.5,kg,139,auto,no
7798183900066,almacen.fideos_secos_500g,FIDEOS CASERECCENº 38 DEI SAPORI PAQ 500 GRM,DEI SAPORI,0.5,kg,136,auto,no
7798199870063,almacen.fideos_secos_500g,FIDEO CHIFFERI RIGATE BONALMA X 500 GRS,BONALMA,1,un,136,auto,no
7798199870025,almacen.fideos_secos_500g,FIDEOS PENNE RIGATE BONALMA SEMOLA 500G PAQ-500-GR.,BONALMA,0.0005,kg,134,auto,no
7798183900110,almacen.fideos_secos_500g,FIDEOS PENNE Nº 32 DEI SAPORI PAQ 500 GRM,DEI SAPORI,0.5,kg,133,auto,no
7798183900516,almacen.fideos_secos_500g,FIDEOS CRESTE DI GALLO Nº 35 DEI SAPORI PAQ 500 GRM,DEI SAPORI,0.5,kg,133,auto,no
7790580133917,almacen.fideos_secos_500g,FIDEOS TIRABUZÓN ARCOR X500G BSA-500-GR.,ARCOR,0.0005,kg,125,auto,no
7792180141675,almacen.fideos_secos_500g,FIDEO RIGATONI AL HUEVO PUREZA PAQ 500 GRM,PUREZA,0.5,kg,122,auto,no
7792180141682,almacen.fideos_secos_500g,FIDEO RIGATTI AL HUEVO PUREZA PAQ 500 GRM,PUREZA,0.5,kg,122,auto,no
7730430001447,almacen.fideos_secos_500g,FIDEOS D/TRI.SPAGHETTI LAS ACACIAS PAQ 500 GRM,LAS ACACIAS,0.5,kg,120,auto,no
7730430001102,almacen.fideos_secos_500g,FIDEOS D/TRI.TIRABUZÓN LAS ACACIAS PAQ 500 GRM,LAS ACACIAS,0.5,kg,119,auto,no
7730430001645,almacen.fideos_secos_500g,FIDEOS D/SEM.PENNETTE RIGATE LAS ACACIAS PAQ 500 GRM,LAS ACACIAS,0.5,kg,112,auto,no
5304000222284,almacen.fideos_secos_500g,FIDEOS D/SÉMOLA FUSILLI PASTA BELLA PAQ 500 GRM,PASTA BELLA,0.5,kg,110,auto,no
5304000222321,almacen.fideos_secos_500g,FIDEOS LARG.D/SEM.SPAGHETTI PASTA BELLA PAQ 500 GRM,PASTA BELLA,0.5,kg,110,auto,no
5304000222604,almacen.fideos_secos_500g,FIDEOS LARG.D/SEM.SPAGHETTI DIAMOND PAQ 500 GRM,DIAMOND,0.5,kg,110,auto,no
5304000222673,almacen.fideos_secos_500g,FIDEOS D/SÉMOLA FUSILLI DIAMOND PAQ 500 GRM,DIAMOND,0.5,kg,109,auto,no
7730430000136,almacen.fideos_secos_500g,FIDEOS AL HUEVO TIRABUZÓN LAS ACACIAS PAQ 500 GRM,LAS ACACIAS,0.5,kg,109,auto,no
7730430000143,almacen.fideos_secos_500g,FIDEOS AL HUEVO SPAGHETTI LAS ACACIAS PAQ 500 GRM,LAS ACACIAS,0.5,kg,109,auto,no
7730430000167,almacen.fideos_secos_500g,FIDEOS AL HUEVO RIGATTI LAS ACACIAS PAQ 500 GRM,LAS ACACIAS,0.5,kg,109,auto,no
7730430000334,almacen.fideos_secos_500g,FIDEOS AL HUEVO MOÑA LAS ACACIAS PAQ 500 GRM,LAS ACACIAS,0.5,kg,109,auto,no
7730430000341,almacen.fideos_secos_500g,FIDEOS AL HUEVO CROBATITA LAS ACACIAS PAQ 500 GRM,LAS ACACIAS,0.5,kg,109,auto,no
7730430001119,almacen.fideos_secos_500g,FIDEOS D/TRIGO MOÑA LAS ACACIAS PAQ 500 GRM,LAS ACACIAS,0.5,kg,109,auto,no
7730430001126,almacen.fideos_secos_500g,FIDEOS D/TRIGO RIGATTI LAS ACACIAS PAQ 500 GRM,LAS ACACIAS,0.5,kg,109,auto,no
7730430001133,almacen.fideos_secos_500g,FIDEOS D/TRI.CORBATITA LAS ACACIAS PAQ 500 GRM,LAS ACACIAS,0.5,kg,109,auto,no
7730430001614,almacen.fideos_secos_500g,FIDEOS D/SEMOLA FARFALLE LAS ACACIAS PAQ 500 GRM,LAS ACACIAS,0.5,kg,109,auto,no
7730430001621,almacen.fideos_secos_500g,FIDEOS D/SEMOLA FARFALLE TONDE LAS ACACIAS PAQ 500 GRM,LAS ACACIAS,0.5,kg,109,auto,no
7730430001638,almacen.fideos_secos_500g,FIDEOS D/SEMOLA PENNE RIGATE LAS ACACIAS PAQ 500 GRM,LAS ACACIAS,0.5,kg,109,auto,no
7730430001652,almacen.fideos_secos_500g,FIDEOS D/SEMOLA FISILLI LAS ACACIAS PAQ 500 GRM,LAS ACACIAS,0.5,kg,109,auto,no
7730430001973,almacen.fideos_secos_500g,FIDEOS D/SEMOLA SPAGHETTI LAS ACACIAS PAQ 500 GRM,LAS ACACIAS,0.5,kg,109,auto,no
7730430002611,almacen.fideos_secos_500g,FIDEOS D/SEMOLA FETTUCCINI LAS ACACIAS PAQ 500 GRM,LAS ACACIAS,0.5,kg,109,auto,no
7790427000259,almacen.fideos_secos_500g,FIDEOS SEMOLIN C/ESPINACA TALLARINES N°2 308 PAQ 500 GRM,308,0.5,kg,109,auto,no
7790427005148,almacen.fideos_secos_500g,FIDEO 308 TALLARIN N 2 SEM/HVO.500GR.,FIDEO 308 TALLARIN,1,un,109,auto,no
7794080000076,almacen.fideos_secos_500g,"FIDEOS TALLARIN, LA MOROCHA, 500 GR",LA MOROCHA,0.5,kg,108,auto,no
7730114100138,almacen.fideos_secos_500g,"FIDEOS DE ARROZ CODITOS, BLUE PATNA, 500 GR",BLUE PATNA,0.5,kg,107,auto,no
8006680040048,almacen.fideos_secos_500g,FIDEOS LARGOS SPAGHETTI DELVERDE PAQ-500-GR.,DELVERDE,0.0005,kg,107,auto,no
8008857112190,almacen.fideos_secos_500g,FIDEOS SPAGUETTI PALLANTE PAQ 500 GRM,PALLANTE,0.5,kg,104,auto,no
8008857112244,almacen.fideos_secos_500g,FIDEOS RIGATONI PALLANTE PAQ 500 GRM,PALLANTE,0.5,kg,104,auto,no
8008857112343,almacen.fideos_secos_500g,FIDEOS PENNE ZITI RIGATE PALLANTE PAQ 500 GRM,PALLANTE,0.5,kg,104,auto,no
8008857112480,almacen.fideos_secos_500g,FIDEOS FUSILLI PALLANTE PAQ 500 GRM,PALLANTE,0.5,kg,104,auto,no
8008857112657,almacen.fideos_secos_500g,FIDEOS FUSILLI TRICOLOR PALLANTE PAQ 500 GRM,PALLANTE,0.5,kg,104,auto,no
8008857112862,almacen.fideos_secos_500g,FIDEOS FARFALLE PALLANTE PAQ 500 GRM,PALLANTE,0.5,kg,104,auto,no
8008857200057,almacen.fideos_secos_500g,FIDEOS LARGOS LINGUINE REGGIA PAQ 500 GRM,REGGIA,0.5,kg,104,auto,no
8008857200194,almacen.fideos_secos_500g,FIDEOS SPAGUETTI REGGIA PAQ 500 GRM,REGGIA,0.5,kg,104,auto,no
8008857300238,almacen.fideos_secos_500g,FIDEOS ELICOIDALI REGGIA PAQ 500 GRM,REGGIA,0.5,kg,104,auto,no
8008857300344,almacen.fideos_secos_500g,FIDEOS PENNE ZITI RIGATE REGGIA PAQ 500 GRM,REGGIA,0.5,kg,104,auto,no
8008857300481,almacen.fideos_secos_500g,FIDEOS FUSILLI REGGIA PAQ 500 GRM,REGGIA,0.5,kg,104,auto,no
8008857300603,almacen.fideos_secos_500g,FIDEOS GOMITI REGGIA PAQ 500 GRM,REGGIA,0.5,kg,104,auto,no
8008857400839,almacen.fideos_secos_500g,FIDEOS FARFALLE REGGIA PAQ 500 GRM,REGGIA,0.5,kg,104,auto,no
7793860000015,almacen.fideos_secos_500g,FIDEOS LARGOS HUEVO P.MOGOTES PAQ 500 GRM,P.MOGOTES,0.5,kg,103,auto,no
8008857112053,almacen.fideos_secos_500g,FIDEOS LARGOS LINGUINE PALLANTE PAQ 500 GRM,PALLANTE,0.5,kg,103,auto,no
7794080000090,almacen.fideos_secos_500g,"FIDEOS RIGATTI, LA MOROCHA, 500 GR",LA MOROCHA,0.5,kg,101,auto,no
8004350130495,almacen.fideos_secos_500g,"FIDEOS PENNE RIGATTI, ZARA, 500 GR",ZARA,0.5,kg,101,auto,no
8004350130570,almacen.fideos_secos_500g,"FIDEOS FUSILLI, ZARA, 500 GR",ZARA,0.5,kg,101,auto,no
7790070107626,almacen.fideos_secos_500g,"FIDEOS AL HUEVO FETTUCCINE, DON FELIPE, 500 GR",DON FELIPE,0.5,kg,100,auto,no
7790070318664,almacen.fideos_secos_500g,FIDEO MATARAZZO FORATTINI 500GR.,FIDEO MATARAZZO,1,un,100,auto,no
7790427000167,almacen.fideos_secos_500g,308 FIDEOS TIRABUZON,308,0.5,kg,100,auto,no
7790427005049,almacen.fideos_secos_500g,FIDEOS 308 TIRABUZON,308,0.5,kg,100,auto,no
7790580134754,almacen.fideos_secos_500g,FIDEOS L.C PENNE RIGATI X500G.,,0.5,kg,100,auto,no
7798053333024,almacen.fideos_secos_500g,FIDEOS RIVOLI SPAGHE,RIVOLI,0.5,kg,100,auto,no
7790580133894,almacen.fideos_secos_500g,FIDEOS L.C TALLARIN X500G.,,0.5,kg,99,auto,no
7790580134723,almacen.fideos_secos_500g,FIDEOS L.C TIRABUZON X500G.,,0.5,kg,98,auto,no
7790580134693,almacen.fideos_secos_500g,FIDEOS L.C SPAGHETTI X500G.,,0.5,kg,97,auto,no
7797470199343,almacen.fideos_secos_500g,FIDEO MAROLIO TALLARIN X 500.-,SIN MARCA,0.5,kg,97,auto,no
7797330004268,almacen.fideos_secos_500g,FIDEOS ARROZ MOSTACHOL ESPINAC,SIN MARCA,1,un,96,auto,no
7798031150117,almacen.fideos_secos_500g,FIDEOS BONAVITA MONOS X500G.,,0.5,kg,96,auto,no
7790580134730,almacen.fideos_secos_500g,FIDEOS CODITO,LA CAMPAGNOLA,0.5,kg,95,auto,no
7798118140253,almacen.fideos_secos_500g,FIDEOS TALLARINES DI PASCUALLE BOLSA X 500 GRS,DI PASCUALLE,1,un,94,auto,no
7790427000174,almacen.fideos_secos_500g,308 FIDEOS MOSTACHOL,308,0.5,kg,93,auto,no
7790427005018,almacen.fideos_secos_500g,308 FIDEOS AL HUEVO,308,0.5,kg,93,auto,no
7790427005223,almacen.fideos_secos_500g,308 FIDEOS AL HUEVO,308,0.5,kg,93,auto,no
7798053331051,almacen.fideos_secos_500g,RIVOLI FIDEOS DEDALI,RIVOLI,0.5,kg,93,auto,no
7798138555433,almacen.fideos_secos_500g,SANTA ISABEL FIDEOS,SANTA ISABEL,0.5,kg,93,auto,no
7798153719063,almacen.fideos_secos_500g,CHECK FIDEOS MUNICIO,CHECK,0.5,kg,93,auto,no
7798153719070,almacen.fideos_secos_500g,CHECK FIDEOS SPAGHET,CHECK,0.5,kg,93,auto,no
7798153719087,almacen.fideos_secos_500g,CHECK FIDEOS TALLARI,CHECK,0.5,kg,93,auto,no
7798153719094,almacen.fideos_secos_500g,CHECK FIDEOS CODO,CHECK,0.5,kg,93,auto,no
7798153719100,almacen.fideos_secos_500g,CHECK FIDEOS MOSTACH,CHECK,0.5,kg,93,auto,no
7798153719117,almacen.fideos_secos_500g,CHECK FIDEOS TIRABUZ,CHECK,0.5,kg,93,auto,no
7798153719124,almacen.fideos_secos_500g,CHECK FIDEOS DEDALIT,CHECK,0.5,kg,93,auto,no
7798153719131,almacen.fideos_secos_500g,CHECK FIDEOS MONO,CHECK,0.5,kg,93,auto,no
7798270245124,almacen.fideos_secos_500g,ALIADA FIDEOS TIRAB,ALIADA,0.5,kg,93,auto,no
7798270245131,almacen.fideos_secos_500g,ALIADA FIDEOS SPAG,ALIADA,0.5,kg,93,auto,no
7798270245148,almacen.fideos_secos_500g,ALIADA FIDEOS TALLA,ALIADA,0.5,kg,93,auto,no
7798270245155,almacen.fideos_secos_500g,ALIADA FIDEOS CODO,ALIADA,0.5,kg,93,auto,no
7798270246718,almacen.fideos_secos_500g,CHK FIDEOS 500GR,CHECK,0.5,kg,93,auto,no
7798270248705,almacen.fideos_secos_500g,GREAT VALUE FIDEOS M,GREAT VALUE,0.5,kg,93,auto,no
7798270248712,almacen.fideos_secos_500g,GREAT VALUE FIDEOS M,GREAT VALUE,0.5,kg,93,auto,no
7798270248767,almacen.fideos_secos_500g,ACUENTA FIDEOS SPAGH,ACUENTA,0.5,kg,93,auto,no
8004350130556,almacen.fideos_secos_500g,"FIDEOS CHIFFERI RIGATTI, ZARA, 500 GR",ZARA,0.5,kg,93,auto,no
7790427005162,almacen.fideos_secos_500g,FIDEO 308 CABELLO ANGEL AL HVO 500GR.,FIDEO 308,1,un,91,auto,no
7793860000053,almacen.fideos_secos_500g,FIDEOS LARGOS SEM. P.MOGOTES TALLARIN. ESPINACA PAQ 500 GRM,P.MOGOTES,0.5,kg,91,auto,no
7793860000039,almacen.fideos_secos_500g,FIDEOS LARGOS HUEVO P.MOGOTES CINTA PAQ 500 GRM,P.MOGOTES,0.5,kg,87,auto,no
7793860000084,almacen.fideos_secos_500g,FIDEOS LARGOS SEM. P.MOGOTES TALLARINES MORRON PAQ 500 GRM,P.MOGOTES,0.5,kg,87,auto,no
7790070102027,almacen.fideos_secos_500g,FIDEOS TALLARIN FORTIFICA,DON FELIPE,0.5,kg,85,auto,no
7795390000169,almacen.fideos_secos_500g,FIDEOS BAHIA BLANCA 50 ANIV.MORRON X500G,,0.5,kg,83,auto,no
7795390000176,almacen.fideos_secos_500g,FIDEOS BAHIA BLANCA 50 ANIV.PESTO,,0.5,kg,83,auto,no
8004350130051,almacen.fideos_secos_500g,"FIDEOS VERMICELLI, ZARA, 500 GR",ZARA,0.5,kg,80,auto,no
8004350130037,almacen.fideos_secos_500g,"FIDEOS SPAGHETTI, ZARA, 500 GR",ZARA,0.5,kg,77,auto,no
8004350130433,almacen.fideos_secos_500g,"FIDEOS RIGATONI, ZARA, 500 GR",ZARA,0.5,kg,75,auto,no
7793860000060,almacen.fideos_secos_500g,FIDEOS NIDO HUEVO P.MOGOTES PAQ 500 GRM,P.MOGOTES,0.5,kg,74,auto,no
7795293102120,almacen.fideos_secos_500g,"FIDEOS CINTA FINA, DON YEYO, 500 GR",DON YEYO,0.5,kg,69,auto,no
7798024390988,almacen.fideos_secos_500g,"FIDEOS DEDALITOS, LA ANONIMA, 500 GR",LA ANONIMA,0.5,kg,67,auto,no
8006680302405,almacen.fideos_secos_500g,FIDEOS CONCHIGLIONI GRANDES DEL VERDE X 500 GRS,DELVERDE,1,un,66,auto,no
8004350130310,almacen.fideos_secos_500g,"FIDEOS FARFALLE, ZARA, 500 GR",ZARA,0.5,kg,54,auto,no
7794910056556,almacen.fideos_secos_500g,FIDEO CANALE TIRABUZON 500GR.,FIDEO CANALE,1,un,52,auto,no
7798183900035,almacen.fideos_secos_500g,FIDEOS CONCHIGLIE Nº 36 DEI SAPORI PAQ 500 GRM,DEI SAPORI,0.5,kg,46,auto,no
0763571850640,almacen.fideos_secos_500g,"FIDEOS CARACOLITOS, LA MOROCHA, 500 GR",LA MOROCHA,0.5,kg,41,auto,no
7622300724306,almacen.fideos_secos_500g,FIDEOS TERRABUSI 100A/OS MUNICIONES,MOLINOS RIO DL.PLATA,0.5,kg,41,auto,no
7798183900288,almacen.fideos_secos_500g,FIDEOS ROUTE Nº 82 DEI SAPORI PAQ 500 GRM,DEI SAPORI,0.5,kg,37,auto,no
7790580133924,almacen.fideos_secos_500g,FIDEOS CODITO ARCOR X500G BSA-500-GR.,ARCOR,0.0005,kg,35,auto,no
0760412178840,almacen.fideos_secos_500g,FIDEOS LA SICILIANA AL HUEVO BSA-500-GR.,LA SICILIANA,0.5,kg,31,auto,no
0760412178857,almacen.fideos_secos_500g,FIDEOS LA SICILIANA A LA ESPINACA BSA-500-GR.,LA SICILIANA,0.5,kg,31,auto,no
7793964000010,almacen.fideos_secos_500g,FIDEOS LA SICILIANA AL HUEVO BSA-500-GR.,LA SICILIANA,0.5,kg,31,auto,no
7793964000027,almacen.fideos_secos_500g,FIDEOS LA SICILIANA A LA ESPINACA BSA-500-GR.,LA SICILIANA,0.5,kg,31,auto,no
7790580134785,almacen.fideos_secos_500g,FIDEOS SPAGHETTI ARCOR X500G BSA-500-GR.,ARCOR,0.0005,kg,30,auto,no
7795293102151,almacen.fideos_secos_500g,FIDEOS FUSILES DON YEYO X 500 G,DON YEYO,1,un,30,auto,no
8004350001054,almacen.fideos_secos_500g,"FIDEOS ANIMALETTI, ZARA, 500 GR",ZARA,0.5,kg,29,auto,no
7790070336835,almacen.fideos_secos_500g,FIDEO LUCCHETTI CABELLO DE ANGEL500GR,LUCCHETTI,0.5,kg,24,auto,no
7790070337078,almacen.fideos_secos_500g,FIDEO LUCCHETTI CODITOS 3 VEGET 500GR,LUCCHETTI,0.5,kg,24,auto,no
7790580134792,almacen.fideos_secos_500g,FIDEOS TALLARÍN ARCOR X500G BSA-500-GR.,ARCOR,0.0005,kg,23,auto,no
7798138552357,almacen.fideos_secos_500g,FIDEOS MOLTO TALLARIN PAQ-500-GR.,MOLTO,0.0005,kg,23,auto,no
7793964000539,almacen.fideos_secos_500g,FIDEOS IL SAPORE DI CASA X 500 GR PAQ-500-GR.,IL SAPORE DI CASA,0.5,kg,21,auto,no
7793385000026,almacen.fideos_secos_500g,"FIDEOS AL HUEVO TALLARIN C/ESPINACA, CHANUVI, 500 GR",CHANUVI,0.5,kg,20,auto,no
7791425000449,almacen.fideos_secos_500g,FIDEOS FUSILLI AITALA X 500 GRS,AITALA,1,un,19,auto,no
7791425000456,almacen.fideos_secos_500g,FIDEOS FETTUCCINE AITALA X 500 GRS,AITALA,1,un,19,auto,no
7791425000470,almacen.fideos_secos_500g,FIDEOS SPAGHETTI AITALA X 500 GRS,AITALA,1,un,19,auto,no
7791425000517,almacen.fideos_secos_500g,FIDEOS TAGLIATELLE DE ESPINACA N3 AITALA X 500 GRS,AITALA,1,un,19,auto,no
7791425000548,almacen.fideos_secos_500g,FIDEOS FETTUCCINE DE ESPINACA AITALA X 500 GRS,AITALA,1,un,19,auto,no
7793385000019,almacen.fideos_secos_500g,"FIDEOS AL HUEVO TALLARIN, CHANUVI, 500 GR",CHANUVI,0.5,kg,19,auto,no
7793385000033,almacen.fideos_secos_500g,"FIDEOS AL HUEVO TALLARIN C/MORRON, CHANUVI, 500 GR",CHANUVI,0.5,kg,19,auto,no
7793036000245,almacen.fideos_secos_500g,"FIDEOS DE ESPINACA, LA SUPERIORA, 500 GR",LA SUPERIORA,0.5,kg,16,auto,no
7793036000153,almacen.fideos_secos_500g,"FIDEOS AL HUEVO, LA SUPERIORA, 500 GR",LA SUPERIORA,0.5,kg,15,auto,no
7622300724221,almacen.fideos_secos_500g,FIDEO TERRABUSI MONOS 500GR.,FIDEO TERRABUSI MONO,1,un,13,auto,no
8051739854176,almacen.fideos_secos_500g,FIDEOS SPAGUETTI,TOLEDO,0.5,kg,13,auto,no
7622300724368,almacen.fideos_secos_500g,FIDEO TERRABUSI TALLARINES 500GR.,FIDEO TERRABUSI TALLA,1,un,12,auto,no
7790070318602,almacen.fideos_secos_500g,FIDEO MATARAZZO TIRABUZON 500GR.,FIDEO MATARAZZO,1,un,12,auto,no
7790070316295,almacen.fideos_secos_500g,FIDEO MATARAZZO PENNE RIGATE 500GR.,FIDEO MATARA,1,un,11,auto,no
7790070318299,almacen.fideos_secos_500g,FIDEO LUCCHETTI TALLARINES 500GR.,FIDEO LUCCHETTI,1,un,11,auto,no
7790070318329,almacen.fideos_secos_500g,FIDEO LUCCHETTI TIRABUZON 500GR.,FIDEO LUCCHETTI,1,un,11,auto,no
7790070318688,almacen.fideos_secos_500g,FIDEOS MATARAZZO CAB.ANGEL 500GR,MOLINOS RIO DE LA PLATA S.A.,0.5,kg,11,auto,no
7790230040091,almacen.fideos_secos_500g,FIDEO MATARAZZO MOSTACHOL 500GR.,FIDEO MATARAZZO,1,un,11,auto,no
7792391100010,almacen.fideos_secos_500g,FIDEOS IRPA NIDOS HUEVO 500 GR.,IRPA S.R.L.,0.5,kg,11,auto,no
7792391100102,almacen.fideos_secos_500g,FIDEOS IRPA NIDOS ESPINACA 500 GR.,IRPA S.R.L.,0.5,kg,11,auto,no
7792391100201,almacen.fideos_secos_500g,FIDEOS IRPA MOÑOS HUEVO MEDIANO 500GR.,IRPA S.R.L.,0.5,kg,11,auto,no
7792391200512,almacen.fideos_secos_500g,FIDEOS IRPA NIDOS MORRON 500 GR.,IRPA S.R.L.,0.5,kg,11,auto,no
7792391200659,almacen.fideos_secos_500g,FIDEOS IRPA MOÑOS C/ESPINACA 500 GRS.,IRPA S.R.L.,0.5,kg,11,auto,no
7792391200666,almacen.fideos_secos_500g,FIDEOS IRPA MOÑOS HUEVO CUADRADO 500GR.,IRPA S.R.L.,0.5,kg,11,auto,no
7792391200673,almacen.fideos_secos_500g,FIDEOS IRPA MOÑOS ESPINACA CUADRADO 500,IRPA S.R.L.,0.5,kg,11,auto,no
7798141970414,almacen.fideos_secos_500g,FIDEOS LA PROVIDENCIA GUISEROS MOÑO 500,COMPLEJO ALIMENTICIO SAN SALVADOR SA,0.5,kg,11,auto,no
0000077905321,almacen.fideos_secos_500g,FIDEO DON FELIPE TALLARIN HVO.500GR.,FIDEO DON FELIPE,1,un,10,auto,no
7790070318336,almacen.fideos_secos_500g,FIDEO LUCCHETTI MOSTACHOL 500GR.,FIDEO LUCCHETTI,1,un,10,auto,no
7793385000057,almacen.fideos_secos_500g,"FIDEOS AL HUEVO TALLARIN C/PESTO, CHANUVI, 500 GR",CHANUVI,0.5,kg,10,auto,no
7793897000026,almacen.fideos_secos_500g,FIDEOS LARGOS YULI AL HUEVO BLI 500 GRM,YULI,0.5,kg,10,auto,no
7794600000333,almacen.fideos_secos_500g,FIDEO DON FELIPE TIRABUZON 500GR.,FIDEO DON FELIPE,1,un,10,auto,no
7795907000422,almacen.fideos_secos_500g,FIDEO LUCCHETTI NIDOS FETTU.500GR.,FIDEL LUCCHETTI,1,un,10,auto,no
7790078000028,almacen.fideos_secos_500g,FIDEO DON VICENTE FETTUCC.HVO.500GR.,FIDEO DON VI,1,un,9,auto,no
7798343540149,almacen.fideos_secos_500g,FIDEOS CAPANNOLI CELENTANO 500 GR.,COMPLEJO INDUSTRIAL ALIMENTARY S.A.,0.5,kg,9,auto,no
8004350130549,almacen.fideos_secos_500g,"FIDEOS CONCHIGLIE, ZARA, 500 GR",ZARA,0.5,kg,9,auto,no
7622300724542,almacen.fideos_secos_500g,FIDEO DON FELIPE SPAGHETTI HUEVO 500GR.,FIDEO DON FELIPE,1,un,8,auto,no
7790070311412,almacen.fideos_secos_500g,FIDEO MATARAZZO 3 VEG.TIRABUZON 500GR.,FIDEO MATARA.3V.TIRA,1,un,8,auto,no
7790070318282,almacen.fideos_secos_500g,FIDEO LUCCHETTI SPAGHETTI 500GR.,FIDEO LUCCHETTI,1,un,8,auto,no
7790078000011,almacen.fideos_secos_500g,FIDEO DON VICENTE TALLARIN HVO.500GR.,FIDEO D.VICE,1,un,8,auto,no
7790078000059,almacen.fideos_secos_500g,FIDEO DON VICENTE MONOS HVO.500GR,FIDEO D.VICE,1,un,8,auto,no
7790078000165,almacen.fideos_secos_500g,FIDEO DON VICENTE CASERITOS HVO.500GR.,FIDEO D.VICE,1,un,8,auto,no
7798141970391,almacen.fideos_secos_500g,FIDEOS LA PROVIDENCIA GUISEROS CODO 500,COMPLEJO ALIMENTICIO SAN SALVADOR SA,0.5,kg,8,auto,no
7798141970889,almacen.fideos_secos_500g,FIDEOS LA PROVIDENCIA GUISEROS RIGATTI 5,COMPLEJO ALIMENTICIO SAN SALVADOR SA,0.5,kg,8,auto,no
8051739854145,almacen.fideos_secos_500g,FIDEOS PENNE,TOLEDO,0.5,kg,8,auto,no
7790070317735,almacen.fideos_secos_500g,FIDEOS FAVORITA 500G. CODITO,MOLINOS RIO DL.PLATA,0.5,kg,7,auto,no
7798113680013,almacen.fideos_secos_500g,"FIDEOS AL HUEVO, DON BENO, 500 GR",DON BENO,0.5,kg,7,auto,no
7798141971114,almacen.fideos_secos_500g,FIDEOS LA PROVIDENCIA GUISEROS DEDAL 500,COMPLEJO ALIMENTICIO SAN SALVADOR SA,0.5,kg,7,auto,no
7798343540125,almacen.fideos_secos_500g,FIDEOS FIDELLI CELENTANO 500 GR.,COMPLEJO INDUSTRIAL ALIMENTARY S.A.,0.5,kg,7,auto,no
8051739854183,almacen.fideos_secos_500g,FIDEOS LINGUINI,TOLEDO,0.5,kg,7,auto,no
7790070317711,almacen.fideos_secos_500g,FIDEOS FAVORITA 500G.MOSTACHOL,MOLINOS RIO DL.PLATA,0.5,kg,6,auto,no
7795009000085,almacen.fideos_secos_500g,"FIDEOS SEMOLADOS DAFRATTI, ROSETTI, 500 GR",ROSETTI,0.5,kg,5,auto,no
7798141971152,almacen.fideos_secos_500g,FIDEOS LA PROVIDENCIA GUISEROS PAMPERO 5,COMPLEJO ALIMENTICIO SAN SALVADOR SA,0.5,kg,5,auto,no
8006680900045,almacen.fideos_secos_500g,FIDEOS SPAGHETTI,ANTICOPASTIFICI,0.5,kg,5,auto,no
8051739854152,almacen.fideos_secos_500g,FIDEOS RIGATONI,TOLEDO,0.5,kg,5,auto,no
7622300724160,almacen.fideos_secos_500g,FIDEOS TERRABUSI SPAGHETTI Nº3 500G,MOLINOS RIO DL.PLATA,0.5,kg,4,auto,no
7622300724245,almacen.fideos_secos_500g,FIDEOS TERRABUSI TIRABUZON X500G.,,0.5,kg,4,auto,no
7790070318367,almacen.fideos_secos_500g,FIDEOS LUCCHETTI CABELLOS ANGEL 500,MOLINOS RIO DL.PLATA,0.5,kg,4,auto,no
7790070318640,almacen.fideos_secos_500g,FIDEOS MATARAZZO SPAGHETTI Nº7 500G,MOLINOS RIO DL.PLATA,0.5,kg,4,auto,no
7790230040022,almacen.fideos_secos_500g,FIDEOS MATARAZZO CAB.ANGEL 500,MOLINOS RIO DL.PLATA,0.5,kg,4,auto,no
7795907312693,almacen.fideos_secos_500g,FIDEOS LUCCHETTI LETRITAS 500 GRS.,MOLINOS RIO DL.PLATA,0.5,kg,4,auto,no
7798107231153,almacen.fideos_secos_500g,FIDEOS PRIMER PRECIO MOSTACHOL 500G,LC AGRO,0.5,kg,4,auto,no
7798107231160,almacen.fideos_secos_500g,FIDEOS PRIMER PRECIO CODO 500 GRS.,LC AGRO,0.5,kg,4,auto,no
7798115940054,almacen.fideos_secos_500g,FIDEOS ESTRELLA DEL PAR.SPAGHE.500G,MOLINO SAN JOSE,0.5,kg,4,auto,no
7798115940078,almacen.fideos_secos_500g,FIDEOS ESTRELLA DEL PAR.C.ANGEL 500,MOLINO SAN JOSE,0.5,kg,4,auto,no
7798115940245,almacen.fideos_secos_500g,FIDEOS ESTRELLA DEL PAR.MOSTACHO500,MOLINO SAN JOSE,0.5,kg,4,auto,no
7798115940269,almacen.fideos_secos_500g,FIDEOS ESTRELLA DEL PAR.CARACOL 500,MOLINO SAN JOSE,0.5,kg,4,auto,no
7798115940320,almacen.fideos_secos_500g,FIDEOS ESTRELLA DEL PAR.CODO MED500,MOLINO SAN JOSE,0.5,kg,4,auto,no
7798115940375,almacen.fideos_secos_500g,FIDEOS ESTRELLA DEL PAR.MACARRON500,MOLINO SAN JOSE,0.5,kg,4,auto,no
7798115940542,almacen.fideos_secos_500g,FIDEOS ESTRELLA DEL PAR.DEDAL ME500,MOLINO SAN JOSE,0.5,kg,4,auto,no
7798115941181,almacen.fideos_secos_500g,FIDEOS ESTRELLA DEL PAR.LARGOS SPAG,MOLINO SAN JOSE,0.5,kg,4,auto,no
7798151690401,almacen.fideos_secos_500g,FIDEOS PRIMER PRECIO TIRABUZON 500G,LC AGRO,0.5,kg,4,auto,no
7798151690456,almacen.fideos_secos_500g,FIDEOS PRIMER PRECIO SPAGHETTI 500G,LC AGRO,0.5,kg,4,auto,no
7798151690463,almacen.fideos_secos_500g,FIDEOS PRIMER PRECIO TALLARIN 500G.,LC AGRO,0.5,kg,4,auto,no
7790070320780,almacen.fideos_secos_500g,FIDEOS LUCCHETTI SPAGHETTI N5 X500G.,,0.5,kg,3,auto,no
7790070320803,almacen.fideos_secos_500g,FIDEOS LUCCHETTI FUSILLI X500GRS,,0.5,kg,3,auto,no
7790070320841,almacen.fideos_secos_500g,FIDEOS MATARAZZO INT. TIRAB. Nº34 5,MOLINOS RIO DL.PLATA,0.5,kg,3,auto,no
7790070335548,almacen.fideos_secos_500g,FIDEOS MATARAZZO MOSTACHOL N14 X500G.,,0.5,kg,3,auto,no
7790070336767,almacen.fideos_secos_500g,FIDEOS LUCCHETTI X500G.MONOS,,0.5,kg,3,auto,no
7790230040008,almacen.fideos_secos_500g,FIDEOS MATARAZZO AVE MARIA 500G.,MOLINOS RIO DL.PLATA,0.5,kg,3,auto,no
7790230040046,almacen.fideos_secos_500g,FIDEOS MATARAZZO DEDALITOS 500GRS,MOLINOS RIO DL.PLATA,0.5,kg,3,auto,no
7790580134716,almacen.fideos_secos_500g,FIDEOS L.C FORATTI X500G.,,0.5,kg,3,auto,no
7791531000012,almacen.fideos_secos_500g,FIDEOS ITALIA X500G.TALLARIN C/HUEVO,,0.5,kg,3,auto,no
7791531000029,almacen.fideos_secos_500g,FIDEOS ITALIA X500GRS TALL/ESP.29,,0.5,kg,3,auto,no
7791531000036,almacen.fideos_secos_500g,FIDEOS ITALIA CINTITA NIDO 36 X500G.,,0.5,kg,3,auto,no
7791531000043,almacen.fideos_secos_500g,FIDEOS ITALIA CINTA 43 X500G.,,0.5,kg,3,auto,no
7791531000050,almacen.fideos_secos_500g,FIDEOS ITALIA TALLARIN TOMATE X500G.,,0.5,kg,3,auto,no
7791531000067,almacen.fideos_secos_500g,FIDEOS ITALIA TALLARIN MORRON X500G.,,0.5,kg,3,auto,no
7791531000081,almacen.fideos_secos_500g,FIDEOS ITALIA CINT.NIDO MORRON X500G.,,0.5,kg,3,auto,no
7791531000098,almacen.fideos_secos_500g,FIDEOS ITALIA CINTITA 2-98 X500G.,,0.5,kg,3,auto,no
7791531000104,almacen.fideos_secos_500g,FIDEOS ITALIA CINTA 3-104 X500G.,,0.5,kg,3,auto,no
7791531000135,almacen.fideos_secos_500g,FIDEOS ITALIA MOSTACHOL 135 X500G.,,0.5,kg,3,auto,no
7791531000142,almacen.fideos_secos_500g,FIDEOS ITALIA TIRABUZON X500G.,,0.5,kg,3,auto,no
7791531000159,almacen.fideos_secos_500g,FIDEOS ITALIA LETRAS X500G.,,0.5,kg,3,auto,no
7791531000180,almacen.fideos_secos_500g,FIDEOS ITALIA CORBATA 180 X500G.,,0.5,kg,3,auto,no
7791531000197,almacen.fideos_secos_500g,FIDEOS ITALIA MONOS 197 X500G.,,0.5,kg,3,auto,no
7791531000203,almacen.fideos_secos_500g,FIDEOS ITALIA AVE MARIA X500G.,,0.5,kg,3,auto,no
7791531000210,almacen.fideos_secos_500g,FIDEOS ITALIA ESTRELLITA 210 X500G.,,0.5,kg,3,auto,no
7791531000227,almacen.fideos_secos_500g,FIDEOS ITALIA MUNICIONES X500G.,,0.5,kg,3,auto,no
7791531000234,almacen.fideos_secos_500g,FIDEOS ITALIA NOQUIS X500G.,,0.5,kg,3,auto,no
7791531000241,almacen.fideos_secos_500g,FIDEOS ITALIA DEDALES X500G.,,0.5,kg,3,auto,no
7791531000258,almacen.fideos_secos_500g,FIDEOS ITALIA CODITOS X500G.,,0.5,kg,3,auto,no
7791531000272,almacen.fideos_secos_500g,FIDEOS ITALIA CELENTANO 272 X500G.,,0.5,kg,3,auto,no
7791531000340,almacen.fideos_secos_500g,FIDEOS ITALIA CABELLO ANGEL X500G.,,0.5,kg,3,auto,no
7791531000357,almacen.fideos_secos_500g,FIDEOS ITALIA TALLARIN NIDO 357 X500G.,,0.5,kg,3,auto,no
7791531000364,almacen.fideos_secos_500g,FIDEOS ITALIA CINTA NIDO 364 X500G.,,0.5,kg,3,auto,no
7791531000371,almacen.fideos_secos_500g,FIDEOS ITALIA ORUGA X500G.,,0.5,kg,3,auto,no
7791531000388,almacen.fideos_secos_500g,FIDEOS ITALIA OJITOS X500G.,,0.5,kg,3,auto,no
7791531000463,almacen.fideos_secos_500g,FIDEOS ITALIA PAMPERITOS X500G.,,0.5,kg,3,auto,no
7791531000470,almacen.fideos_secos_500g,FIDEOS ITALIA PAMP/TRICOLOR X500G.,,0.5,kg,3,auto,no
7791531000623,almacen.fideos_secos_500g,FIDEOS ITALIA MOSTACHOLES 623 X500G.,,0.5,kg,3,auto,no
7791531000630,almacen.fideos_secos_500g,FIDEOS ITALIA MACARRONES X500G.,,0.5,kg,3,auto,no
7791531000647,almacen.fideos_secos_500g,FIDEOS ITALIA MOSTACHOL LISO X500G.,,0.5,kg,3,auto,no
7791531000654,almacen.fideos_secos_500g,FIDEOS ITALIA CARAC.RAYADO X500G.,,0.5,kg,3,auto,no
7791531000661,almacen.fideos_secos_500g,FIDEOS ITALIA TIRABUZON TRICOLOR X500G.,,0.5,kg,3,auto,no
7791531000708,almacen.fideos_secos_500g,FIDEOS ITALIA ORUGA TRIC.X500G.,,0.5,kg,3,auto,no
7791531010073,almacen.fideos_secos_500g,FIDEOS ITALIA DEDALITO X500G.,,0.5,kg,3,auto,no
7795293102205,almacen.fideos_secos_500g,FIDEOS D.YEYO X500G.CINTA ANCHA,,0.5,kg,3,auto,no
7795390000077,almacen.fideos_secos_500g,FIDEOS BAHIA BLANCA X500G.ESP.MEDIANOS,,0.5,kg,3,auto,no
7795390000114,almacen.fideos_secos_500g,FIDEOS BAHIA BLANCA MEDIANOS X500GRS,,0.5,kg,3,auto,no
7798031150094,almacen.fideos_secos_500g,FIDEOS BONAVITA RIGATI X500G.,,0.5,kg,3,auto,no
7798031150100,almacen.fideos_secos_500g,FIDEOS BONAVITA CELENTANO X500G.,,0.5,kg,3,auto,no
7798031150216,almacen.fideos_secos_500g,FIDEOS BONAVITA DEDALITOS X500G.,,0.5,kg,3,auto,no
7798031150254,almacen.fideos_secos_500g,FIDEOS BONAVITA MUNICIONES X500G.,,0.5,kg,3,auto,no
7798031150391,almacen.fideos_secos_500g,FIDEOS BONAVITA CARACOLES X500G.,,0.5,kg,3,auto,no
7798031150872,almacen.fideos_secos_500g,FIDEOS BONAVITA CODITOS X500G.,,0.5,kg,3,auto,no
7798031150889,almacen.fideos_secos_500g,FIDEOS BONAVITA CARACOLITOS X500G.,,0.5,kg,3,auto,no
7798115940016,almacen.fideos_secos_500g,FIDEOS ESTRELLA DEL PAR.CINTA 3 500,MOLINO SAN JOSE,0.5,kg,3,auto,no
7798115940030,almacen.fideos_secos_500g,FIDEOS ESTRELLA DEL PAR.CINTA 5 500,MOLINO SAN JOSE,0.5,kg,3,auto,no
7798115940337,almacen.fideos_secos_500g,FIDEOS ESTRELLA DEL PAR.FUSILLI 500,MOLINO SAN JOSE,0.5,kg,3,auto,no
7798115940399,almacen.fideos_secos_500g,FIDEOS ESTRELLA DEL PAR.FUSI.TRI500,MOLINO SAN JOSE,0.5,kg,3,auto,no
7798115940405,almacen.fideos_secos_500g,FIDEOS ESTRELLA DEL PAR.TIRABUZO500,MOLINO SAN JOSE,0.5,kg,3,auto,no
7798115941198,almacen.fideos_secos_500g,FIDEOS ESTRELLA DEL PAR.PL SPAGHETT,MOLINO SAN JOSE,0.5,kg,3,auto,no
7798115941228,almacen.fideos_secos_500g,FIDEOS ESTRELLA DEL PAR.PL LINGUINI,MOLINO SAN JOSE,0.5,kg,3,auto,no
7790078000080,almacen.fideos_secos_500g,FIDEOS DON VICENTE TIRABUZON 500GRS,MOLINOS RIO DL.PLATA,0.5,kg,2,auto,no
7790230040053,almacen.fideos_secos_500g,FIDEOS MATARAZZO FETTUCINE 500 GR,MOLINOS RIO DL.PLATA,0.5,kg,2,auto,no
7798115941204,almacen.fideos_secos_500g,FIDEOS ESTRELLA DEL PAR.PL TALLARIN,MOLINO SAN JOSE,0.5,kg,2,auto,no
7790070321916,almacen.fideos_secos_500g,FIDEOS RINA SPAGHETTI 500G PAQ-500-GR.,MATARAZZO,0.5,kg,1,auto,no
7797470000908,almacen.fideos_secos_500g,FIDEOS CODITOS MAROLIO 500 G.,MAROLIO,0.5,kg,1,auto,no
7798115940122,almacen.fideos_secos_500g,FIDEOS ESTRELLA DEL PAR.CINTA ARTES,MOLINO SAN JOSE,0.5,kg,1,auto,no
7798138552517,almacen.fideos_secos_500g,FIDEOS MOLTO CODOS X500,MOLTO,0.5,kg,1,auto,no
8006680900298,almacen.fideos_secos_500g,FIDEOS FUSILLI,ANTICOPASTIFICI,0.5,kg,1,auto,no
8051739854169,almacen.fideos_secos_500g,FIDEOS FUSILLI,TOLEDO,0.5,kg,1,auto,no
7790070562265,almacen.harina_trigo_0000_1kg,HARINA 0000 C/VITAMI,FAVOR,1,kg,2437,auto,no
7792180004871,almacen.harina_trigo_0000_1kg,HARINA 0000 ULTRA RE,PUREZ,1,kg,2391,auto,no
7790199000020,almacen.harina_trigo_0000_1kg,HARINA 0000,MORIX,1,kg,2151,auto,no
7792590000227,almacen.harina_trigo_0000_1kg,HARINA 0000,CASER,1,kg,1976,auto,no
8480017242730,almacen.harina_trigo_0000_1kg,HARINA DE TRIGO 0000,DIA,1,kg,969,auto,no
7799037060028,almacen.harina_trigo_0000_1kg,HARINA 0000 CHACABUCO X 1 KG,CHACABUCO,1,un,470,auto,no
7799044054676,almacen.harina_trigo_0000_1kg,"HARINA DE TRIGO 0000, LA ANONIMA, 1000 GR",LA ANONIMA,1,kg,181,auto,no
7799044947022,almacen.harina_trigo_0000_1kg,"HARINA DE TRIGO TIPO 0000, BEST, 1000 GR",BEST,1,kg,173,auto,no
7798141971541,almacen.harina_trigo_0000_1kg,HARINA P PRECIO 0000,PRIMER PRECIO,1,kg,158,auto,no
7792180144997,almacen.harina_trigo_0000_1kg,HARINA COOPE 0000,COOPERATIVA,1,kg,154,auto,no
7798039600362,almacen.harina_trigo_0000_1kg,HARINA DE TRIGO 0000 COTO PAQ 1 KGM,COTO,1,kg,112,auto,no
7798153719230,almacen.harina_trigo_0000_1kg,CHECK HARINA T 0000,CHECK,1,kg,93,auto,no
7790070562210,almacen.harina_trigo_0000_1kg,HARINA 0000 FORT. BLANCAFLOR X 1KG CJA-1000-GR.,BLANCAFLOR,0.001,kg,10,auto,no
7790060012077,almacen.harina_trigo_0000_1kg,HARINA FAVORITA 0000 1 KG.,MOLINOS RIO DL.PLATA,1,kg,4,auto,no
7794270000602,almacen.harina_trigo_0000_1kg,HARINA REINHARINA 0000 1 KG.,SAGEMULLER,1,kg,4,auto,no
7798110710102,almacen.harina_trigo_0000_1kg,HARINA RAMIREZ 0000 1KG.,MOLINO HARINERO RAMI,1,kg,4,auto,no
7792180000279,almacen.harina_trigo_0000_1kg,HARINA PUREZA 0000 1 KG.,MOLINO CAÑUELAS,1,kg,3,auto,no
7792180139320,almacen.harina_trigo_000_1kg,HARINA 000 UR VIT D,CAÑUE,1,kg,2387,auto,no
7790070562258,almacen.harina_trigo_000_1kg,HARINA 000 C/VITAMIN,FAVOR,1,kg,2357,auto,no
7792590000159,almacen.harina_trigo_000_1kg,HARINA 000,CASER,1,kg,2118,auto,no
7799037060011,almacen.harina_trigo_000_1kg,HARINA DE TRIGO 000,CHACA,1,kg,1624,auto,no
7790199000013,almacen.harina_trigo_000_1kg,HARINA 000 MORIXE X 1 KG,MORIXE,1,un,1391,auto,no
7790199604075,almacen.harina_trigo_000_1kg,HARINA FORTIVAC 000,MORIX,1,kg,968,auto,no
8480017242723,almacen.harina_trigo_000_1kg,HARINA DE TRIGO 000,DIA,1,kg,968,auto,no
7792180004512,almacen.harina_trigo_000_1kg,HARINA DE TRIGO 000 PUREZA X 1 KG,PUREZA,1,un,501,auto,no
7790199604730,almacen.harina_trigo_000_1kg,"HARINA DE TRIGO 000 FUERZA, MORIXE, 1000 GR",MORIXE,1,kg,261,auto,no
7799044054669,almacen.harina_trigo_000_1kg,"HARINA DE TRIGO 000, LA ANONIMA, 1000 GR",LA ANONIMA,1,kg,174,auto,no
7792180144980,almacen.harina_trigo_000_1kg,HARINA COOPE 000,COOPERATIVA,1,kg,154,auto,no
7798141971534,almacen.harina_trigo_000_1kg,HARINA PRIMER PRECIO 000,PRIMER PRECIO,1,kg,154,auto,no
7799044947015,almacen.harina_trigo_000_1kg,"HARINA DE TRIGO TIPO 000, BEST, 1000 GR",BEST,1,kg,148,auto,no
7799037060103,almacen.harina_trigo_000_1kg,"HARINA DE TRIGO 000, CATRIEL, 1000 GR",CATRIEL,1,kg,146,auto,no
7798039600355,almacen.harina_trigo_000_1kg,HARINA DE TRIGO 000 COTO PAQ 1 KGM,COTO,1,kg,117,auto,no
7798153719247,almacen.harina_trigo_000_1kg,CHECK HARINA TR 000,CHECK,1,kg,93,auto,no
7790220000043,almacen.harina_trigo_000_1kg,HARINA GRACIELA REAL 000 1KG.,JOSE MINETTI Y CIA. S.A.C.I.,1,kg,11,auto,no
7794270002583,almacen.harina_trigo_000_1kg,HARINA REINARINA 000 1 KG.,SAGEMULLER S.A.,1,kg,11,auto,no
7798110710058,almacen.harina_trigo_000_1kg,HARINA RAMIREZ 000 1 KG.,MOLINO HARINERO RAMI,1,kg,4,auto,no
7790072001014,almacen.sal_fina_500g,SAL FINA PAQUETE,CELUS,0.5,kg,2516,auto,no
7790072002080,almacen.sal_fina_500g,SAL FINA ESTUCHE,CELUS,0.5,kg,2513,auto,no
7790072001038,almacen.sal_fina_500g,SAL FINA SALERO,CELUS,0.5,kg,1732,auto,no
7792900000138,almacen.sal_fina_500g,SAL FINA DOS ANCLAS ESTUCHE X 500 GRS,DOS ANCLAS,1,un,1351,auto,no
8480017555380,almacen.sal_fina_500g,SAL FINA,DIA,0.5,kg,969,auto,no
7792900000428,almacen.sal_fina_500g,SAL FINA DOS ANCLAS PAQ-500-GR.,DOS ANCLAS,0.5,kg,959,auto,no
7792900634135,almacen.sal_fina_500g,"SAL FINA SALERO, DOS ANCLAS, 500 GR",DOS ANCLAS,0.5,kg,504,auto,no
7790072179607,almacen.sal_fina_500g,SAL FINA CELUSAL LIGHT EST-500-GR.,CELUSAL,0.5,kg,462,auto,no
7792900634142,almacen.sal_fina_500g,SAL FINA TRADICIONAL DOS ANCLAS SALERO X 500 GRS,DOS ANCLAS,1,un,368,auto,no
7792900009124,almacen.sal_fina_500g,SAL DOS ANCLAS FINA LIGHT CJA-500-GR.,DOS ANCLAS,0.5,kg,364,auto,no
7792900092706,almacen.sal_fina_500g,SAL FINA DOS ESTRELLAS PAQUETE X 500 GRS,DOS ESTRELLAS,1,un,314,auto,no
7792900990965,almacen.sal_fina_500g,"SAL FINA LIGHT PAQUETE, DOS ANCLAS, 500 GR",DOS ANCLAS,0.5,kg,263,auto,no
7792900000206,almacen.sal_fina_500g,SAL FINA DOS ANCLAS PAQ-500-GR.,DOS ANCLAS,0.5,kg,204,auto,no
7790641000196,almacen.sal_fina_500g,SAL FINA PRIM PRECIO PQT,PRIMER PRECIO,0.5,kg,158,auto,no
7799044068598,almacen.sal_fina_500g,"SAL FINA ESTUCHE, LA ANONIMA, 500 GR",LA ANONIMA,0.5,kg,158,auto,no
7799044068581,almacen.sal_fina_500g,"SAL FINA PAQUETE, LA ANONIMA, 500 GR",LA ANONIMA,0.5,kg,152,auto,no
7790072179669,almacen.sal_fina_500g,SAL FINA CELUSAL PLUS PAQ,CELUSAL,0.5,kg,135,auto,no
7792900092751,almacen.sal_fina_500g,SAL ESTRELLA DE MAR FINA X 500 GR BSA-500-GR.,ESTRELLA DE MAR,0.5,kg,130,auto,no
7792104000163,almacen.sal_fina_500g,SAL FINA DOÑA SAL PAQ 500 GRM,DOÑA SAL,0.5,kg,124,auto,no
7790072179652,almacen.sal_fina_500g,SAL FINA CELUSAL ADICIONADA CON HIERRO EST 500 GRM,CELUSAL,0.5,kg,82,auto,no
7798064190258,almacen.sal_fina_500g,SAL DEL HIMALAYA FINA GELL SINGH SAL 400 GRM,GELLSINGH,0.4,kg,42,auto,no
7790072000093,almacen.sal_fina_500g,SAL CELUSAL FINA LIGHT PAQUETE 470GR,SAL CELUSAL FINA LIGH,1,un,27,auto,no
7790072002110,almacen.sal_fina_500g,SAL FINA CELUSAL LIGHT SALERO X 500 GR,CELUSAL,0.5,kg,24,auto,no
7790072000086,almacen.sal_fina_500g,SAL CELUSAL FINA LIGHT SALERO 470GR.,SAL CELUSAL FINA LIGH,1,un,14,auto,no
0021040000041,almacen.sal_fina_500g,SAL SUSYSAL FINA 500 GRS.,SALINERA SAN JOSE S.A.,0.5,kg,8,auto,no
7792104000040,almacen.sal_fina_500g,SAL SUSYSAL FINA 500 GRS.,SALINERA SAN JOSE S.A.,0.5,kg,8,auto,no
7790072000109,almacen.sal_fina_500g,SAL FINA CELUSAL X1000UNI,CELUSAL,0.5,kg,2,auto,no
7790387013610,bebidas.yerba_mate_1kg,YERBA MATE 4FLEX,TARAG,1,kg,2322,auto,no
7790070507280,bebidas.yerba_mate_1kg,YERBA MATE SELECCION,NOBLE,1,kg,2321,auto,no
7790070509055,bebidas.yerba_mate_1kg,YERBA MATE SIN TACC,CRUZD,1,kg,2312,auto,no
7790387015317,bebidas.yerba_mate_1kg,YERBA MATE 4FLEX,MAÑAN,1,kg,2303,auto,no
7792710000175,bebidas.yerba_mate_1kg,YERBA TRADICIONAL,AMAND,1,kg,2296,auto,no
7793704000928,bebidas.yerba_mate_1kg,YERBA MATE,PLAYA,1,kg,2282,auto,no
7790387014617,bebidas.yerba_mate_1kg,YERBA MATE 4 FLEX,UNION,1,kg,2255,auto,no
7790411001941,bebidas.yerba_mate_1kg,YERBA MATE 55 ANIVER,ROSAM,1,kg,1668,auto,no
7790480089741,bebidas.yerba_mate_1kg,YERBA SELEC ESPECIAL,LATRA,1,kg,1581,auto,no
7790387015447,bebidas.yerba_mate_1kg,YERBA MATE CAMPO SUR,LAMER,1,kg,1504,auto,no
7790802000164,bebidas.yerba_mate_1kg,YERBA MATE SUAVE,ROMAN,1,kg,1225,auto,no
7790070508539,bebidas.yerba_mate_1kg,YERBA MATE NATURAL,SALUS,1,kg,1222,auto,no
7790411001972,bebidas.yerba_mate_1kg,YERBA MATE SAUVE PAQ,NATUR,1,kg,1216,auto,no
7790387014136,bebidas.yerba_mate_1kg,YERBA MATE 4 FLEX LIVIANA UNION X 1 KG,UNION,1,un,974,auto,no
8480017241610,bebidas.yerba_mate_1kg,YERBA MATE CON PALO,DIA,1,kg,968,auto,no
7790070507266,bebidas.yerba_mate_1kg,YERBA MATE EST NATURAL CRUZ DE MALTA X 1 KG,CRUZ DE MALTA,1,un,641,auto,no
7792710006443,bebidas.yerba_mate_1kg,"YERBA MATE CON PALO SUAVE, AMANDA, 1000 GR",AMANDA,1,kg,627,auto,no
7790480089963,bebidas.yerba_mate_1kg,YERBA LA TRANQUERA LIVIANA X1KG CJA-1000-GR.,LA TRANQUERA,0.001,kg,588,auto,no
7790387013498,bebidas.yerba_mate_1kg,YERBA MATE TARAGUI 4FLEX SIN PALO 1KG LAM-1000-GR.,TARAGUI,0.001,kg,587,auto,no
7792710000106,bebidas.yerba_mate_1kg,YERBA MATE AMANDA SELECCIÓN ESPECIAL PAQ-1000-GR.,AMANDA,0.001,kg,555,auto,no
7790480089949,bebidas.yerba_mate_1kg,YERBA MATE ESPEC SUAVE C PALO LA TRANQUERA X 1 KG,LA TRANQUERA,1,un,527,auto,no
7790411001514,bebidas.yerba_mate_1kg,YERBA MATE ROSAMONTE CON PALO PLUS PAQ-1000-GR.,ROSAMONTE,0.001,kg,473,auto,no
7792280005723,bebidas.yerba_mate_1kg,YERBA CACHAMATE HIERBAS SERRANAS X1K PAQ-1000-GR.,CACHAMATE,0.001,kg,463,auto,no
7798039850019,bebidas.yerba_mate_1kg,YERBA MATE TRADICIONAL ANDRESITO X 1 KG,ANDRESITO,1,un,440,auto,no
7792280005716,bebidas.yerba_mate_1kg,YERBA MATE ROSA CACHAMATE PAQUETE X 1 KG,CACHAMATE,1,un,375,auto,no
7793750009821,bebidas.yerba_mate_1kg,YERBA PIPORE C/ PALO 1000,PIPORE,1,kg,365,auto,no
7790802000027,bebidas.yerba_mate_1kg,YERBA MATE CON PALO ROMANCE X 1 KG,ROMANCE,1,un,345,auto,no
7790070509116,bebidas.yerba_mate_1kg,YERBA NOBLEZA GAUCHA SUAV,NOBLEZA GAUCHA,1,kg,315,auto,no
7792280006157,bebidas.yerba_mate_1kg,YERBA CACHAMAI TRAD ESTAC,CACHAMAI,1,kg,308,auto,no
7790217000018,bebidas.yerba_mate_1kg,YERBA MATE LA CUMBRECITA PAQ 1KG,LA CUMBRECITA,1,kg,273,auto,no
7793750009777,bebidas.yerba_mate_1kg,YERBA PIPORE SUAVE CLASIC,PIPORE,1,kg,267,auto,no
7730241003654,bebidas.yerba_mate_1kg,YERBA MATE CANARIAS PAQ 1 KGM,CANARIAS,1,kg,236,auto,no
7790802001000,bebidas.yerba_mate_1kg,YERBA MATE CON PALO ORIGINAL ROMANCE X 1 KG,ROMANCE,1,un,221,auto,no
7790411000012,bebidas.yerba_mate_1kg,YERBA ROSAMONTE ESPECIAL,ROSAMONTE,1,kg,205,auto,no
0714604008743,bebidas.yerba_mate_1kg,"YERBA MATE TIPO SUAVE, DON BASILIO, 1000 GR",DON BASILIO,1,kg,179,auto,no
0714604008736,bebidas.yerba_mate_1kg,"YERBA MATE TIPO ESPECIAL, DON BASILIO, 1000 GR",DON BASILIO,1,kg,178,auto,no
7798039850415,bebidas.yerba_mate_1kg,YERBA MATE SUAVE ANDRESITO X 1 KG,ANDRESITO,1,un,177,auto,no
7799044943666,bebidas.yerba_mate_1kg,"YERBA MATE C/PALO SUAVE, LA ANONIMA, 1000 GR",LA ANONIMA,1,kg,171,auto,no
7798028020263,bebidas.yerba_mate_1kg,P AZUL YERBA 1KG,PAJARO AZUL,1,kg,160,auto,no
7790070100382,bebidas.yerba_mate_1kg,YERBA MATE C PALO CIMARRON NOBLEZA GAUCHA X 1 KG,NOBLEZA GAUCHA,1,un,159,auto,no
7791102055427,bebidas.yerba_mate_1kg,YERBA COOPERATIVA,COOPERATIVA,1,kg,154,auto,no
7730282000025,bebidas.yerba_mate_1kg,YERBA MATE SARA PAQ 1 KGM,SARA,1,kg,119,auto,no
7730282000582,bebidas.yerba_mate_1kg,YERBA MATE SARA SUAVE PAQ 1 KGM,SARA,1,kg,119,auto,no
7730241010294,bebidas.yerba_mate_1kg,YERBA MATE SERENA CANARIAS PAQ 1 KG,CANARIAS,1,kg,105,auto,no
7790411000043,bebidas.yerba_mate_1kg,YERBA MATE ROSAMONTE PAQ 1 KGM,ROSAMONTE,1,kg,102,auto,no
7798028020508,bebidas.yerba_mate_1kg,LA POSADENA YERBA MA,LA POSADENA,1,kg,102,auto,no
7790749643615,bebidas.yerba_mate_1kg,YERBA BUEN DIA 1 KG.,ESTABLECIMIENTO IMHOF S.R.L.,1,kg,101,auto,no
7793750009746,bebidas.yerba_mate_1kg,YERBA PIPORE ESPECIAL PAL,PIPORE,1,kg,99,auto,no
7790802000041,bebidas.yerba_mate_1kg,YERBA MATE ROMANCE ESPECIAL PAQ 1 KG,ROMANCE,1,kg,96,auto,no
7792198006669,bebidas.yerba_mate_1kg,NATURA YERBA MATE SU,NATURA,1,kg,93,auto,no
7793704000119,bebidas.yerba_mate_1kg,YEMAYPE YERBA MATE,YEMAYPE,1,kg,93,auto,no
7798028021611,bebidas.yerba_mate_1kg,PAJARO AZ YERBA PREM,PAJARO AZUL,1,kg,93,auto,no
7799120004007,bebidas.yerba_mate_1kg,CHECK YERBA 1KG,CHECK,1,kg,93,auto,no
7730945980039,bebidas.yerba_mate_1kg,YERBA MATE DESPALADA LIBRE X 1 KG,LI BRE,1,un,84,auto,no
7798039850187,bebidas.yerba_mate_1kg,YERBA ANDRESITO ESPECIAL,ANDRESITO,1,kg,80,auto,no
0786071065932,bebidas.yerba_mate_1kg,YERBA MATE SAMAR SECADERO PAQ 1 KGM,SECADERO,1,kg,69,auto,no
0786071065949,bebidas.yerba_mate_1kg,YERBA MATE ESTACIONAM.NATURAL DON OMAR PAQ 1 KGM,DON OMAR,1,kg,69,auto,no
7790411000807,bebidas.yerba_mate_1kg,"YERBA MATE DESPALADA LIB.D/GLUTEN, ROSAMONTE, 1000 GR",ROSAMONTE,1,kg,59,auto,no
0758890928057,bebidas.yerba_mate_1kg,YERBA MATE TRADICIONAL DON BASILIO PAQ 1 KGM,DON BASILIO,1,kg,57,auto,no
7792710000373,bebidas.yerba_mate_1kg,YERBA MATE S/PALO,AMANDA,1,kg,30,auto,no
7790326003214,bebidas.yerba_mate_1kg,YERBA MATE CON PALO AGUANTADORA SUAVE X 1KG,AGUANTADORA,1,un,21,auto,no
7790326000558,bebidas.yerba_mate_1kg,YERBA MATE CON PALO AGUANTADORA X 1KG,AGUANTADORA,1,un,20,auto,no
7790411000494,bebidas.yerba_mate_1kg,YERBA ROSAMONTE SUAVE 1KG.,HREÑUK S.A.,1,kg,18,auto,no
7790710000126,bebidas.yerba_mate_1kg,YERBA MATE CBSE HIERBAS SE.COMP.1KG.,YERBA MATE CBSE,1,un,11,auto,no
7791680101103,bebidas.yerba_mate_1kg,YERBA LA HOJA C/PALO 1KG,COOPERATIVA DE TRABAJO LA HOJA LIMITADA,1,kg,11,auto,no
7793395000047,bebidas.yerba_mate_1kg,YERBA MAS SABOR C/PALO 1KG..,ESTABLECIMIENTO YERBATERO BONAFE S.R.L.,1,kg,11,auto,no
7792280002869,bebidas.yerba_mate_1kg,YERBA CACHAMATE AMARILLA 1 KG.,CACHAY S.A.,1,kg,8,auto,no
7793750000385,bebidas.yerba_mate_1kg,YERBA MATE PIPORE 1KG.,YERBA MATE PIPORE,1,un,8,auto,no
7790326000794,bebidas.yerba_mate_1kg,YERBA SINCERIDAD 1 KG.,COOP.MONTE CARLO LTD,1,kg,4,auto,no
7790411001491,bebidas.yerba_mate_1kg,YERBA ROSAMONTE X1KG.PLUS,,1,kg,4,auto,no
7798373140029,bebidas.yerba_mate_1kg,YERBA INDUMAR TRADICIONAL,INDUMAR,1,kg,4,auto,no
7790070507105,bebidas.yerba_mate_1kg,YERBA CRUZ DE MALTA 1K. TRADICIONAL,MOLINOS RIO DL.PLATA,1,kg,3,auto,no
7790411001699,bebidas.yerba_mate_1kg,YERBA CAMPECHE X1KG.SUAVE,,1,kg,3,auto,no
7793750000033,bebidas.yerba_mate_1kg,YERBA MULITA X1KG.,,1,kg,3,auto,no
7792710000243,bebidas.yerba_mate_1kg,YERBA MATE C/PALO CAMPO,AMANDA,1,kg,2,auto,no
7790411000531,bebidas.yerba_mate_1kg,YERBA ROSAMONTE SUAVE ESPECIAL 1K,HREÑUK HNOS.,1,kg,1,auto,no
7791102002711,bebidas.yerba_mate_1kg,YERBA COOPERATIVA,COOPERATIVA,1,kg,1,auto,no
7792710000182,bebidas.yerba_mate_500g,YERBA TRADICIONAL,AMAND,0.5,kg,2451,auto,no
7790070507273,bebidas.yerba_mate_500g,YERBA MATE SELECCION,NOBLE,0.5,kg,2287,auto,no
7793704000911,bebidas.yerba_mate_500g,YERBA,PLAYA,0.5,kg,2268,auto,no
7790387013627,bebidas.yerba_mate_500g,YERBA MATE 4 FLEX,TARAG,0.5,kg,2252,auto,no
7790387015324,bebidas.yerba_mate_500g,YERBA MATE 4 FLEX,MAÑAN,0.5,kg,2229,auto,no
7790387015607,bebidas.yerba_mate_500g,YERBA MATE CAMPO ORI,LA ME,0.5,kg,2177,auto,no
7790387014624,bebidas.yerba_mate_500g,YERBA MATE 4 FLEX,UNION,0.5,kg,2138,auto,no
7790070509048,bebidas.yerba_mate_500g,YERBA MATE SIN TACC,CRUZD,0.5,kg,2136,auto,no
7792280005693,bebidas.yerba_mate_500g,YERBA MATE HIE DIGES,CACHA,0.5,kg,2046,auto,no
7790070509123,bebidas.yerba_mate_500g,YERBA MATE,CHAMI,0.5,kg,1804,auto,no
7792710006436,bebidas.yerba_mate_500g,YERBA MATE SUAVE,AMAND,0.5,kg,1798,auto,no
7790411001958,bebidas.yerba_mate_500g,YERBA EDICION 55ANIV,ROSAM,0.5,kg,1728,auto,no
7790710334580,bebidas.yerba_mate_500g,YERBA NARANJA LGD,CBSE,0.5,kg,1693,auto,no
7790480089734,bebidas.yerba_mate_500g,YERBA SELEC ESPECIAL,LA TR,0.5,kg,1673,auto,no
7793704000881,bebidas.yerba_mate_500g,YERBA MATE S/PALO,PLAYA,0.5,kg,1628,auto,no
7790387800197,bebidas.yerba_mate_500g,YERBA MATE C/HIERBAS,BUENA,0.5,kg,1616,auto,no
7790411001989,bebidas.yerba_mate_500g,YERBA SUAVE ED 55 AN,ROSAM,0.5,kg,1529,auto,no
7790710334757,bebidas.yerba_mate_500g,YERBA MATE CON PALO,MATEA,0.5,kg,1385,auto,no
7790480089956,bebidas.yerba_mate_500g,YERBA LIVIANA,LATRA,0.5,kg,1377,auto,no
7792710000090,bebidas.yerba_mate_500g,YERBA MATE SEL ESPEC,AMAND,0.5,kg,1330,auto,no
7790710334603,bebidas.yerba_mate_500g,YERBA GUARANÁ LGD,CBSE,0.5,kg,1315,auto,no
7730241003661,bebidas.yerba_mate_500g,YERBA,CANAR,0.5,kg,1252,auto,no
7790710334818,bebidas.yerba_mate_500g,YERBA HIERB SERR MUN,CBSE,0.5,kg,1236,auto,no
7792198006621,bebidas.yerba_mate_500g,YERBA MATE SUAVE PAQ,NATUR,0.5,kg,1202,auto,no
7790070508522,bebidas.yerba_mate_500g,YERBA NATURAL,SALUS,0.5,kg,1136,auto,no
7790387014143,bebidas.yerba_mate_500g,YERBA MATE UNION LIVIANA X 500 GRS,UNION,1,un,1089,auto,no
7790802001017,bebidas.yerba_mate_500g,YERBA MATE ORIGINAL,ROMAN,0.5,kg,1084,auto,no
7790710334641,bebidas.yerba_mate_500g,YERBA MATE SILUETA NARNJA CBSE CORMILLOT X 500 GRS,CBSE,1,un,1008,auto,no
7790387015645,bebidas.yerba_mate_500g,YERBA MATE CAMPO SUR LA MERCED X 500 GRS,LA MERCED,1,un,1005,auto,no
8480017251398,bebidas.yerba_mate_500g,YERBA ESP SIN TACC,DIA,0.5,kg,969,auto,no
7792280000605,bebidas.yerba_mate_500g,YERBA DEL LITORAL CACHAMATE X 500 GRS,CACHAMATE,1,un,690,auto,no
7792710006450,bebidas.yerba_mate_500g,"YERBA MATE C/PALO HIERBAS SERRANAS, AMANDA, 500 GR",AMANDA,0.5,kg,666,auto,no
7798039850026,bebidas.yerba_mate_500g,YERBA MATE TRADICIONAL ANDRESITO X 500 GRS,ANDRESITO,1,un,651,auto,no
7790387015621,bebidas.yerba_mate_500g,YERBA MATE BARBACUA LA MERCED X 500 GRS,LA MERCED,1,un,650,auto,no
7792280005730,bebidas.yerba_mate_500g,YERBA MATE HIERBAS SERRANAS CACHAMATE X 500 GRS,CACHAMATE,1,un,638,auto,no
7790070509062,bebidas.yerba_mate_500g,"YERBA MATE C/PALO BOLDO Y MENTA, CRUZ DE MALTA, 500 GR",CRUZ DE MALTA,0.5,kg,637,auto,no
7790387015638,bebidas.yerba_mate_500g,YERBA MATE LA MERCED CAMPO&MONTEO.C 500G CJA-500-GR.,LA MERCED,0.0005,kg,624,auto,no
7790070507389,bebidas.yerba_mate_500g,YERBA CRUZ DE MALTA SELECCIÓN 10 X 500G PAQ-500-GR.,CRUZ DE MALTA,0.0005,kg,578,auto,no
7793750009838,bebidas.yerba_mate_500g,"YERBA MATE C/PALO TRADICIONAL, PIPORE, 500 GR",PIPORE,0.5,kg,573,auto,no
7790387013504,bebidas.yerba_mate_500g,YERBA MATE TARAGUI 4FLEX SIN PALO 500G LAM-500-GR.,TARAGUI,0.5,kg,563,auto,no
7790480089932,bebidas.yerba_mate_500g,YERBA MATE LA TRANQUERA SUA SEL ES X500G PAQ-500-GR.,LA TRANQUERA,0.0005,kg,549,auto,no
7790387015614,bebidas.yerba_mate_500g,YERBA MATE MONTE ORIGEN CONTROLADO LA MERCED X500G,LA MERCED,1,un,547,auto,no
7790710334597,bebidas.yerba_mate_500g,YERBA MATE LIMON CBSE X 500 GRS,CBSE,1,un,458,auto,no
7790710334610,bebidas.yerba_mate_500g,YERBA CBSE POMELO,CBSE,0.5,kg,431,auto,no
7793704000805,bebidas.yerba_mate_500g,"YERBA MATE C/PALO ORIGINAL, LIEBIG, 500 GR",LIEBIG,0.5,kg,430,auto,no
7790710003332,bebidas.yerba_mate_500g,YERBA MATE CBSÉ JENGIBRE X500 PAQ-500-GR.,CBSE,0.5,kg,429,auto,no
7798423800019,bebidas.yerba_mate_500g,"YERBA MATE C/PALO SUAVE, COSMICO, 500 GR",COSMICO,0.5,kg,400,auto,no
7793750009784,bebidas.yerba_mate_500g,YERBA PIPORE SUAVE CLASIC,PIPORE,0.5,kg,386,auto,no
7793670400630,bebidas.yerba_mate_500g,"YERBA MATE COMP.POLEO Y MANZANILLA, VERDEFLOR, 500 GR",VERDEFLOR,0.5,kg,380,auto,no
7792280005785,bebidas.yerba_mate_500g,YERBA CACHAMATE COCO,CACHAMATE,0.5,kg,369,auto,no
7790710334702,bebidas.yerba_mate_500g,"YERBA MATE FRUTOS DEL BOSQUE, CBSE, 500 GR",CBSE,0.5,kg,357,auto,no
7792710000052,bebidas.yerba_mate_500g,"YERBA MATE C/PALO PREMIUM, AMANDA, 500 GR",AMANDA,0.5,kg,357,auto,no
7730945980046,bebidas.yerba_mate_500g,"YERBA MATE DESPALADA CLASICA, LIBRE, 500 GR",LIBRE,0.5,kg,352,auto,no
7792280000285,bebidas.yerba_mate_500g,YERBA CACHAMATE SUAVE NARANJA X 500 GRS,CACHAMATE,1,un,341,auto,no
7798028020454,bebidas.yerba_mate_500g,YERBA MATE TRADICIONAL ADELGAMATE X 500 GRS,ADELGAMATE,1,un,340,auto,no
7790411001521,bebidas.yerba_mate_500g,YERBA ROSAMONTE SUA PLUS,ROSAMONTE,0.5,kg,321,auto,no
7790070100375,bebidas.yerba_mate_500g,YERBA MATE C PALO CIMARRON NOBLEZA GAUCHA X 500GRS,NOBLEZA GAUCHA,1,un,309,auto,no
7790217000032,bebidas.yerba_mate_500g,YERBA MATE LA CUMBRECITA PAQ 500 GRM,LA CUMBRECITA,0.5,kg,309,auto,no
7798028020478,bebidas.yerba_mate_500g,YERBA MATE DULCE ADELGA MATE PAQ 500 GRM,ADELGAMATE,0.5,kg,305,auto,no
7792280000612,bebidas.yerba_mate_500g,YERBA HIERBAS SERRANAS X 500G PAQ-500-GR.,CACHAMATE,0.5,kg,300,auto,no
7792280006140,bebidas.yerba_mate_500g,YERBA TRADICIONAL ESTACIONADA CACHAMAI X 500 GRS,CACHAMAI,1,un,287,auto,no
7793750000668,bebidas.yerba_mate_500g,YERBA PIPORE SUBLIME,PIPORE,0.5,kg,285,auto,no
7790710334689,bebidas.yerba_mate_500g,YERBA CBSE CUYANA,CBSE,0.5,kg,283,auto,no
7792710000380,bebidas.yerba_mate_500g,YERBA MATE SIN PALO AMANDA X 500 GRS,AMANDA,1,un,279,auto,no
7798039850422,bebidas.yerba_mate_500g,YERBA MATE SUAVE ANDRESITO X 500 GRS,ANDRESITO,1,un,276,auto,no
7798028020485,bebidas.yerba_mate_500g,YERBA MATE SABOR NARANJA ADELGA MATE PAQ 500 GRM,ADELGAMATE,0.5,kg,264,auto,no
7790217000544,bebidas.yerba_mate_500g,YERBA MATE LA CUMBRECITA SELECCION ESPECIAL PAQ 500 GRM,LA CUMBRECITA,0.5,kg,259,auto,no
7790710334634,bebidas.yerba_mate_500g,YERBA MATE SILUETA DR. CORMILLOT CBSE X 500 GRS,CBSE,1,un,259,auto,no
7798028020461,bebidas.yerba_mate_500g,YERBA MATE SABOR LIMÓN ADELGA MATE PAQ 500 GRM,ADELGAMATE,0.5,kg,259,auto,no
7790710334665,bebidas.yerba_mate_500g,CBSE YERBA MATE ENDU,CBSE,0.5,kg,249,auto,no
7790070509079,bebidas.yerba_mate_500g,YERBA MATE MANZANIL S TACC CRUZ DE MALTA X 500 GRS,CRUZ DE MALTA,1,un,243,auto,no
7790411000814,bebidas.yerba_mate_500g,YERBA ROSAMONTE DESPALADA,ROSAMONTE,0.5,kg,224,auto,no
7792280000094,bebidas.yerba_mate_500g,YERBA MATE CACHAMATE C/HIERBAS PAMPEANAS PAQ 500 GRM,CACHAMATE,0.5,kg,212,auto,no
7790217000599,bebidas.yerba_mate_500g,YERBA MATE BURRITO LA CUMBRESITA PAQ 500 GRM,LA CUMBRECITA,0.5,kg,210,auto,no
7790710334672,bebidas.yerba_mate_500g,YERBA CBSE HIERBAS DEL LI,CBSE,0.5,kg,203,auto,no
7798028020539,bebidas.yerba_mate_500g,YERBA MATE FRUTOS D/BOSQUE ADELGAMATE PAQ 500 GRM,ADELGAMATE,0.5,kg,198,auto,no
7798028020560,bebidas.yerba_mate_500g,YERBA MATE SAB.GUARANÁ ADELGA MATE PAQ 500 GRM,ADELGAMATE,0.5,kg,196,auto,no
7790802000171,bebidas.yerba_mate_500g,YERBA MATE SUAVE ROMANCE X 500 GRS,ROMANCE,1,un,189,auto,no
7790217000070,bebidas.yerba_mate_500g,LA CUMBRECITA YERBA,LA CUMBRECITA,0.5,kg,184,auto,no
0664697110826,bebidas.yerba_mate_500g,YERBA MATE SECADERO X 500 GRS,SECADERO,1,un,169,auto,no
0724373569895,bebidas.yerba_mate_500g,YERBA MATE SALAM X 500 GRS,SALAM,1,un,167,auto,no
7790217000087,bebidas.yerba_mate_500g,LA CUMBRECITA YERBA,LA CUMBRECITA,0.5,kg,162,auto,no
7798028021581,bebidas.yerba_mate_500g,P AZUL YERBA P 500G,PAJARO AZUL,0.5,kg,162,auto,no
7798028020270,bebidas.yerba_mate_500g,AZUL YERBA 500G,PAJARO AZUL,0.5,kg,161,auto,no
7799044943673,bebidas.yerba_mate_500g,"YERBA MATE C/PALO SELEC.ESPECIAL, LA ANONIMA, 500 GR",LA ANONIMA,0.5,kg,158,auto,no
7791102055434,bebidas.yerba_mate_500g,YERBA COOPERATIVA,COOPERATIVA,0.5,kg,154,auto,no
7793750000101,bebidas.yerba_mate_500g,YERBA PIPORE DESPALADA,PIPORE,0.5,kg,154,auto,no
7790710334658,bebidas.yerba_mate_500g,YERBA MATE MIEL CBSE X 500 GRS,CBSE,1,un,151,auto,no
7793670006993,bebidas.yerba_mate_500g,YERBA MATE VERDEFLOR CON PALO CJA-500-GR.,VERDEFLOR,0.5,kg,146,auto,no
7792198006645,bebidas.yerba_mate_500g,NATURA YERBA MATE HI,NATURA,0.5,kg,135,auto,no
7793670000687,bebidas.yerba_mate_500g,YERBA MATE VERDEFLOR CON PALO CJA-500-GR.,VERDEFLOR,0.5,kg,133,auto,no
7790070509109,bebidas.yerba_mate_500g,YERBA MATE NOBLEZA GAUCHA SUAVE X500G ST PAQ-500-GR.,NOBLEZA GAUCHA,0.0005,kg,127,auto,no
7790802000034,bebidas.yerba_mate_500g,YERBA MATE ESPECIAL C/PALO ROMANCE PAQ 500 GRM,ROMANCE,0.5,kg,126,auto,no
7840127000124,bebidas.yerba_mate_500g,YERBA MATE KURUPI MENTA Y BOLDO CJA 500 GRM,KURUPI,0.5,kg,120,auto,no
7840127001848,bebidas.yerba_mate_500g,YERBA MATE KURUPI MENTA Y LIMÓN CJA 500 GRM,KURUPI,0.5,kg,120,auto,no
7798028020492,bebidas.yerba_mate_500g,LA POSADENA YERBA MA,LA POSADENA,0.5,kg,118,auto,no
7790217000575,bebidas.yerba_mate_500g,YERBA MATE MANTA LA CUMBRESITA PAQ 500 GRM,LA CUMBRECITA,0.5,kg,117,auto,no
7790217000582,bebidas.yerba_mate_500g,YERBA MATE MANZANILLA LA CUMBRESITA PAQ 500 GRM,LA CUMBRECITA,0.5,kg,117,auto,no
7793750000125,bebidas.yerba_mate_500g,YERBA PIPORE ESP C PALO,PIPORE,0.5,kg,114,auto,no
7790411000029,bebidas.yerba_mate_500g,YERBA ROSAMONTE ESPECIAL,ROSAMONTE,0.5,kg,109,auto,no
7798039850194,bebidas.yerba_mate_500g,YERBA ANDRESITO ESPECIAL,ANDRESITO,0.5,kg,103,auto,no
7793670400562,bebidas.yerba_mate_500g,YERBA VERDEFLOR JENGIBRE,VERDEFLOR,0.5,kg,102,auto,no
7798039850217,bebidas.yerba_mate_500g,YERBA ANDRESITO DESPALADA,ANDRESITO,0.5,kg,100,auto,no
7792280005778,bebidas.yerba_mate_500g,YERBA ARROYO VERDE SERR X500,SIN MARCA,1,un,94,auto,no
7793750000231,bebidas.yerba_mate_500g,YERBA PIPORE NARANJA,PIPORE,0.5,kg,94,auto,no
7792280000513,bebidas.yerba_mate_500g,YERBA COMUN CACHAMAT,CACHAMATE,0.5,kg,93,auto,no
7793704000126,bebidas.yerba_mate_500g,YEMAYPE YERBA MATE,YEMAYPE,0.5,kg,93,auto,no
7798028020010,bebidas.yerba_mate_500g,IVOTY CAA YERBA MATE,IVOTY,0.5,kg,93,auto,no
7799120003994,bebidas.yerba_mate_500g,CHECK YERBA 500G,CHECK,0.5,kg,93,auto,no
7790411000050,bebidas.yerba_mate_500g,YERBA MATE ROSAMONTE CON PALO PAQ-500-GR.,ROSAMONTE,0.0005,kg,89,auto,no
7798073136667,bebidas.yerba_mate_500g,YERBA HS SILVEST ORG COMP,HIERBAS SILVESTRES,0.5,kg,85,auto,no
7798185200041,bebidas.yerba_mate_500g,YERBA MATE ORGANICA SUAVE ROAPIPO X500G PAQ-500-GR.,ROAPIPO,0.5,kg,85,auto,no
0709081096529,bebidas.yerba_mate_500g,YERBA MATE ESTACIONAM.NATURAL DON OMAR PAQ 500 GRM,DON OMAR,0.5,kg,69,auto,no
0734191378050,bebidas.yerba_mate_500g,YERBA MATE DON OMAR LAT 500 GRM,DON OMAR,0.5,kg,69,auto,no
0756058848889,bebidas.yerba_mate_500g,YERBA MATE SALAM LAT 500 GRM,SALAM,0.5,kg,69,auto,no
7798409940012,bebidas.yerba_mate_500g,YERBA MATE TRADICIONAL ALBA NUEVA PAQ 500 GRM,ALBA NUEVA,0.5,kg,69,auto,no
0734191378036,bebidas.yerba_mate_500g,YERBA MATE SAMAR SECADERO LAT 500 GRM,SECADERO,0.5,kg,67,auto,no
0758890928040,bebidas.yerba_mate_500g,YERBA MATE TRADICIONAL DON BASILIO PAQ 500 GRM,DON BASILIO,0.5,kg,66,auto,no
0763571871010,bebidas.yerba_mate_500g,YERBA MATE SUAVE DON BASILIO PAQ 500 GRM,DON BASILIO,0.5,kg,66,auto,no
0790757863439,bebidas.yerba_mate_500g,YERBA MATE SELECC.ESPECIAL DON BASILIO PAQ 500 GRM,DON BASILIO,0.5,kg,66,auto,no
0763571871027,bebidas.yerba_mate_500g,YERBA MATE P/TERERÉ DON BASILIO PAQ 500 GRM,DON BASILIO,0.5,kg,55,auto,no
7792198000261,bebidas.yerba_mate_500g,"YERBA MATE C/PALO ORGANICA, NATURA, 500 GR",NATURA,0.5,kg,55,auto,no
7790802000010,bebidas.yerba_mate_500g,"YERBA MATE C/PALO, ROMANCE, 500 GR",ROMANCE,0.5,kg,53,auto,no
7798073130443,bebidas.yerba_mate_500g,YERBA HS SILVESTRE ORGANI,HIERBAS SILVESTRES,0.5,kg,52,auto,no
7792198000315,bebidas.yerba_mate_500g,YERBA MATE SELEC.ESPECIAL NATURA PAQ 500 GRM,NATURA,0.5,kg,42,auto,no
7792198005280,bebidas.yerba_mate_500g,YERBA MATE SAB.NARANJA NATURA PAQ 500 GRM,NATURA,0.5,kg,42,auto,no
7798067560454,bebidas.yerba_mate_500g,YERBA HS DEL OASIS ARANDA,HIERBAS DEL OASIS,0.5,kg,38,auto,no
7798185200034,bebidas.yerba_mate_500g,YERBA MATE ORGANICA TRADICI ROAPIPOX500G PAQ-500-GR.,ROAPIPO,0.5,kg,35,auto,no
7792710002056,bebidas.yerba_mate_500g,YERBA MATE SABORI.NARANJA,AMANDA,0.5,kg,34,auto,no
7792710002063,bebidas.yerba_mate_500g,YERBA SABOR LIMON,AMANDA,0.5,kg,28,auto,no
7898116230205,bebidas.yerba_mate_500g,YERBA TRADICIONAL,URUGUAI,0.5,kg,27,auto,no
7798409940029,bebidas.yerba_mate_500g,YERBA MATE SUAVE ALBA NUEVA PAQ 500 GRM,ALBA NUEVA,0.5,kg,25,auto,no
7790326000039,bebidas.yerba_mate_500g,YERBA MATE SIN PALO AGUANTADORA X 500 GRS,AGUANTADORA,1,un,21,auto,no
7793670000038,bebidas.yerba_mate_500g,YERBA COMP C/HIERB MELISA,VERDEFLOR,0.5,kg,21,auto,no
7790326001302,bebidas.yerba_mate_500g,YERBA MATE CON PALO AGUANTADORA X 500 GRS,AGUANTADORA,1,un,20,auto,no
7792710000113,bebidas.yerba_mate_500g,YERBA MATE CP ORGANICA,AMANDA,0.5,kg,20,auto,no
7793670400616,bebidas.yerba_mate_500g,BLEND TOMILLO Y YERBA MAT,23 REGIONES,0.5,kg,20,auto,no
7792280001466,bebidas.yerba_mate_500g,YERBA CACHAMATE M.HIERBAS (ROSA) 500GR.,CACHAY S.A.,0.5,kg,18,auto,no
7793670400623,bebidas.yerba_mate_500g,BLEND MANZANILLA Y YERBA,23 REGIONES,0.5,kg,17,auto,no
7798067560201,bebidas.yerba_mate_500g,YERBA HS DEL OASIS OR COM,HIERBAS DEL OASIS,0.5,kg,17,auto,no
7798067560416,bebidas.yerba_mate_500g,YERBA HS DEL OASIS ORGANI,HIERBAS DEL OASIS,0.5,kg,15,auto,no
7790710334696,bebidas.yerba_mate_500g,YERBA CBSE FRUTOS TROPICA,CBSE,0.5,kg,13,auto,no
7790070508546,bebidas.yerba_mate_500g,YERBA SALUS HIERBAS SERRANAS X 500G PAQ-500-GR.,SALUS,0.5,kg,11,auto,no
7790710000102,bebidas.yerba_mate_500g,YERBA MATE CBSE HIERBAS SE.COM.500GR.,YERBA MATE CBSE,1,un,11,auto,no
7790710334719,bebidas.yerba_mate_500g,YERBA FRUTOS VALLE LGC,CBSE,0.5,kg,11,auto,no
7791680101257,bebidas.yerba_mate_500g,YERBA LA HOJA C/PALO 500GR,COOPERATIVA DE TRABAJO LA HOJA LIMITADA,0.5,kg,11,auto,no
7792280002890,bebidas.yerba_mate_500g,YERBA CACHAMATE HIERBAS SERRANAS 500 GRS,CACHAY S.A.,0.5,kg,11,auto,no
7793395000030,bebidas.yerba_mate_500g,YERBA MAS SABOR C/PALO 500 GR.,ESTABLECIMIENTO YERBATERO BONAFE S.R.L.,0.5,kg,11,auto,no
7790411001378,bebidas.yerba_mate_500g,YERBA MATE ROSAMONTE PREMIUM 500GR,YERBA MATE ROSAMONTE,1,un,10,auto,no
7790710334085,bebidas.yerba_mate_500g,YERBA MATE CBSE SILUETA 500GR.,CBSE SILUETA,1,un,10,auto,no
7793750000026,bebidas.yerba_mate_500g,YERBA MATE PIPORE 500GR.,YERBA MATE PIPORE,1,un,10,auto,no
7795194100072,bebidas.yerba_mate_500g,YERBA CON HIERBAS SERRANAS HIERBITAL X 500 GRS.,HIERBITAL,1,un,10,auto,no
7790070508553,bebidas.yerba_mate_500g,YERBA SALUS LIMÓN Y MENTA X 500G PAQ-500-GR.,SALUS,0.5,kg,9,auto,no
7790710000010,bebidas.yerba_mate_500g,YERBA MATE CBSE HIERBAS CUYANA 500GR.,YERBA M.CBSE CUYANA,1,un,9,auto,no
7790411001590,bebidas.yerba_mate_500g,YERBA MATE ROSAMONTE SUAVE D/P 500GR,YERBA MATE ROSAMONTE,1,un,8,auto,no
7790411001613,bebidas.yerba_mate_500g,YERBA MATE ROSAMONTE ZIPPER D/P 500GR,YERBA MATE ROSAMONTE,1,un,8,auto,no
7790710000263,bebidas.yerba_mate_500g,YERBA MATE CBSE ENDULIFE C/STEVIA 500GR.,YERBA MATE CBSE,1,un,8,auto,no
7790411000500,bebidas.yerba_mate_500g,YERBA ROSAMONTE SUAVE 500 GRS,HREÑUK HNOS.,0.5,kg,7,auto,no
7791102002704,bebidas.yerba_mate_500g,YERBA COOPERATIVA,COOPERATIVA,0.5,kg,5,auto,no
7790326000626,bebidas.yerba_mate_500g,YERBA SINCERIDAD 500 GR.,COOP.MONTE CARLO LTD,0.5,kg,4,auto,no
7790326003078,bebidas.yerba_mate_500g,YERBA AGUANTADORA SUAVE 500GRS,COOP.MONTE CARLO LTD,0.5,kg,4,auto,no
7790411001507,bebidas.yerba_mate_500g,YERBA ROSAMONTE X500G.PLUS,,0.5,kg,4,auto,no
7790710034312,bebidas.yerba_mate_500g,YERBA CBSE LIMON 500 GRS.,CBSE,0.5,kg,4,auto,no
7793750000378,bebidas.yerba_mate_500g,YERBA PIPORE TERERE 500 GR.,YERBA PIPORE,0.5,kg,4,auto,no
7730241009038,bebidas.yerba_mate_500g,YERBA CANARIAS X500G.SERENA,,0.5,kg,3,auto,no
7790326002057,bebidas.yerba_mate_500g,YERBA AGUANTADORA ESPECIAL 500 GRS.,COOP.MONTE CARLO LTD,0.5,kg,3,auto,no
7790411000241,bebidas.yerba_mate_500g,YERBA CAMPECHE X500G.,,0.5,kg,3,auto,no
7790411001705,bebidas.yerba_mate_500g,YERBA CAMPECHE X500G.SUAVE,,0.5,kg,3,auto,no
7790710000249,bebidas.yerba_mate_500g,YERBA CBSE FRUTOS TROPICALES 500G.,CBSE,0.5,kg,3,auto,no
7790710034558,bebidas.yerba_mate_500g,YERBA CBSE POMELO 500 GRS.,CBSE,0.5,kg,3,auto,no
7792280000087,bebidas.yerba_mate_500g,YERBA CACHAMATE X500G.SILUET SWEETENED,,0.5,kg,3,auto,no
7792280002906,bebidas.yerba_mate_500g,YERBA CACHAMATE X500G.HIERBAS,,0.5,kg,3,auto,no
7793750000040,bebidas.yerba_mate_500g,YERBA MULITA X500G.,,0.5,kg,3,auto,no
7793784000016,bebidas.yerba_mate_500g,YERBA PRIMICIA 500 GRS.,NAVAR S.A.,0.5,kg,3,auto,no
7798039850606,bebidas.yerba_mate_500g,YERBA ANDRESITO X500G.PREMIUM,,0.5,kg,3,auto,no
7798067563691,bebidas.yerba_mate_500g,YERBA MATE HDO TERERE,HIERBAS DEL OASIS,0.5,kg,3,auto,no
7790411000548,bebidas.yerba_mate_500g,YERBA ROSAMONTE SUAVE ESPECIAL 500G,HREÑUK HNOS.,0.5,kg,2,auto,no
7790710000317,bebidas.yerba_mate_500g,YERBA CBSE HIERBAS LITORAL 500G.,CBSE,0.5,kg,2,auto,no
7790710033575,bebidas.yerba_mate_500g,YERBA CBSE MIEL 500 GRS.,CBSE,0.5,kg,2,auto,no
7790070507099,bebidas.yerba_mate_500g,YERBA CRUZ DE MALTA 500G. ECOPACK,MOLINOS RIO DL.PLATA,0.5,kg,1,auto,no
7790326002064,bebidas.yerba_mate_500g,YERBA ORGANICA PAMPA CLASICA 500G.,COOP.MONTE CARLO LTD,0.5,kg,1,auto,no
7790710000232,bebidas.yerba_mate_500g,YERBA CBSE FRUTOS DEL BOSQUE 500G.,CBSE,0.5,kg,1,auto,no
7790710000256,bebidas.yerba_mate_500g,YERBA CBSE FRUTOS DEL VALLE 500G.,CBSE,0.5,kg,1,auto,no
7791445053005,bebidas.yerba_mate_500g,YERBA CRUZ DE MALTA BOLDO MENTA 500,MOLINOS RIO DL.PLATA,0.5,kg,1,auto,no
7798185200140,bebidas.yerba_mate_500g,YERBA MATE ORGANICA HIERBAS ROAPIPOX500G PAQ-500-GR.,ROAPIPO,0.5,kg,1,auto,no
7790742363107,lacteos.leche_descremada_1l,LECHE UAT PARC DESC FORT 1% LA SERENISIMA EDGE 1L,LA SERENISIMA,1,un,2475,auto,no
7790742335609,lacteos.leche_descremada_1l,LECHE DESC BOTELLA,LA SE,1,l,2468,auto,no
7790742358608,lacteos.leche_descremada_1l,LECHE UAT DESC S LACT PROTEIN LA SERENISIMA BOTX1L,LA SERENISIMA,1,un,2418,auto,no
7790742335401,lacteos.leche_descremada_1l,LECHE UAT PAR DESCREMADA LA SERENISIMA 2 PETX1LT,LA SERENISIMA,1,un,2308,auto,no
7798338290035,lacteos.leche_descremada_1l,LECHE UAT DESCREMADA LAS TRES NIÑAS 1L BRK-1000-ML.,LAS TRES NIÑAS,0.001,l,2303,auto,no
7790742363206,lacteos.leche_descremada_1l,LECHE SEMI DESCRE 2%,LASER,1,l,2292,auto,no
7790742192103,lacteos.leche_descremada_1l,LECHE DESCR 1% SACHE,CASAN,1,l,2232,auto,no
7790742192202,lacteos.leche_descremada_1l,LECHE DESCR 2% SACHE,CASAN,1,l,2142,auto,no
7790742348005,lacteos.leche_descremada_1l,LECHE DESC 1% BIENESTAR SERENISIMA SACHET X 1 LT,LA SERENISIMA,1,un,2057,auto,no
7790742348203,lacteos.leche_descremada_1l,LECHE DESC 2% BIENESTAR LA SERENISIMA SACHET 1 LT,LA SERENISIMA,1,un,1849,auto,no
7790742352002,lacteos.leche_descremada_1l,LECHE DESC LS REDUC. LACTOSA SACHET 1L SCH-1000-ML.,LA SERENISIMA,0.001,l,1755,auto,no
7793913012996,lacteos.leche_descremada_1l,LECHE DESCREMADA LV,TREGA,1,l,1676,auto,no
7798338291803,lacteos.leche_descremada_1l,"LECHE UAT DESC.C/PROT.VIDA ACTIVA, LAS TRES NIÑAS, 1000 CM3",LAS TRES NIÑAS,1,l,1631,auto,no
7790742358103,lacteos.leche_descremada_1l,"LECHE LV PARC.DESC. CAL/COL. BOT, LA SERENISIMA, 1000 CM3",LA SERENISIMA,1,l,1517,auto,no
7790742335807,lacteos.leche_descremada_1l,LECHE UAT DESC FORT HIERRO 1 LA SERENISIMA PET 1L,LA SERENISIMA,1,un,1306,auto,no
7794820903117,lacteos.leche_descremada_1l,LECHE PARCIALMENTE D,MILKA,1,l,1159,auto,no
7798338291469,lacteos.leche_descremada_1l,"LECHE LV PARC.DESC. CLASICA LIV.2%, LAS TRES NIÑAS, 1000 CM3",LAS TRES NIÑAS,1,l,1032,auto,no
7790742358509,lacteos.leche_descremada_1l,LECHE UAT DESC LS PREBIOTICA BOT 1L BOT-1000-ML.,LA SERENISIMA,0.001,l,872,auto,no
7790742335302,lacteos.leche_descremada_1l,LECHE UAT DESC LA SERENISIMA 0% BOT 1L BOT-1000-ML.,LA SERENISIMA,0.001,l,850,auto,no
7790742358400,lacteos.leche_descremada_1l,LECHE UAT DESC LS BARISTA BOT 1L BOT-1000-ML.,LA SERENISIMA,0.001,l,814,auto,no
7798338290301,lacteos.leche_descremada_1l,"LECHE LV DESCREMADA 0%, LAS TRES NIÑAS, 1000 CM3",LAS TRES NIÑAS,1,l,683,auto,no
7790742448101,lacteos.leche_descremada_1l,LECHE PARC DESC MULT VIT1% LA SERENISIMA SACHET 1L,LA SERENISIMA,1,un,406,auto,no
7791058000816,lacteos.leche_descremada_1l,LECHE DESCREMADA MANFREY UAT 1LT BRK-1000-ML.,MANFREY,0.001,l,358,auto,no
7790787002535,lacteos.leche_descremada_1l,LECHE L/V ILOLAY DESCR,ILOLAY,1,l,340,auto,no
7790742448200,lacteos.leche_descremada_1l,LECHE PARC DESC MULT VIT2% LA SERENISIMA SACHET 1L,LA SERENISIMA,1,un,286,auto,no
7798179070667,lacteos.leche_descremada_1l,LECHE SILVIA SACH DESCR,SILVIA,1,l,201,auto,no
7798338290110,lacteos.leche_descremada_1l,LECHE DESCR L V APOSTOLES,APOSTOLES,1,l,171,auto,no
7798024393668,lacteos.leche_descremada_1l,"LECHE DESC.U.FORTIFICADA SACHET, LA ANONIMA, 1000 CM3",LA ANONIMA,1,l,169,auto,no
7798001562605,lacteos.leche_descremada_1l,LECHE UAT DESCR CREMIGAL,CREMIGAL,1,l,156,auto,no
7791102056011,lacteos.leche_descremada_1l,LECHE L/V DESCR 1% COOPER,COOPERATIVA,1,l,154,auto,no
7791287006122,lacteos.leche_descremada_1l,LECHE DESCR LA NUEVA,LA NUEVA,1,l,154,auto,no
7798338290073,lacteos.leche_descremada_1l,LECHE LV DESCR ANGELITA,ANGELITA,1,l,151,auto,no
7798039600041,lacteos.leche_descremada_1l,LECHE DESCREMADA COTO L/V VIT. A/D TTB 1 LTR,COTO,1,l,119,auto,no
7798039600065,lacteos.leche_descremada_1l,LECHE DESCREMADA COTO ULTRA PASTEURIZADA SCH 1 LTR,COTO,1,l,119,auto,no
7798125301579,lacteos.leche_descremada_1l,LECHE L/V P PRECIO DESC,PRIMER PRECIO,1,l,115,auto,no
7790742335906,lacteos.leche_descremada_1l,LECHE UAT DESC LA SERENISIMA CALCIO 1L BOT-1000-ML.,LA SERENISIMA,0.001,l,107,auto,no
7791058000601,lacteos.leche_descremada_1l,LECHE PARC DESC MANFREY SACHET SACHET X 1 LT,MANFREY,1,un,101,auto,no
7790244941919,lacteos.leche_descremada_1l,S IGN LECHE UAT DESC,SAN IGNACIO,1,l,93,auto,no
7790742358806,lacteos.leche_descremada_1l,LECHE LS UAT PARC DESC HIERRO FORT VIT,LA SERENISIMA,1,l,93,auto,no
7798270248873,lacteos.leche_descremada_1l,ACUENTA LECHE DESCREMADA 1LT,ACUENTA,1,l,93,auto,no
7798270248897,lacteos.leche_descremada_1l,ACUENTA LECHE DESCREMADA 1LT,ACUENTA,1,l,93,auto,no
7798270249252,lacteos.leche_descremada_1l,LECHE LARGA VIDA PARC DESC GREAT VALUE,GREAT VALUE,1,l,93,auto,no
7799120000993,lacteos.leche_descremada_1l,CHECK LECHE UAT DESC,CHECK,1,l,93,auto,no
7790080037180,lacteos.leche_descremada_1l,LECHE SANCOR DESCREMADA LV NUTRIEQUI 1LT,SANCOR,1,l,24,auto,no
7798337270021,lacteos.leche_descremada_1l,"LECHE PARC.DESCREMADA SACHET, MAMUU, 1000 CM3",MAMUU,1,l,13,auto,no
7790080037036,lacteos.leche_descremada_1l,LECHE S.BRIGIDA X1L.DESCREMADA,,1,l,3,auto,no
7793940306006,lacteos.leche_descremada_1l,LECHE ARMONIA DESC.1% X1LTS,,1,l,3,auto,no
7794820015261,lacteos.leche_descremada_1l,LECHE UAT MILKAUT DESCREMADA 1 LT,MILKAUT,1,l,3,auto,no
7793913002447,lacteos.leche_descremada_1l,"LECHE LV DESCREMADA 0%, TREGAR, 1000 CM3",TREGAR,1,l,2,auto,no
7791241000470,lacteos.leche_descremada_1l,LECHE UAT PRIMER PRECIO DESC.1L,LA LACTEO,1,l,1,auto,no
7794396004522,lacteos.leche_descremada_1l,LECHE LV LA SUIPAC DESCRE,LA SUIPACHENSE,1,l,1,auto,no
7790742363008,lacteos.leche_entera_1l,LECHE UAT ENTERA FORT 3% LA SERENISIMA EDGE 1L,LA SERENISIMA,1,un,2475,auto,no
7790742335500,lacteos.leche_entera_1l,LECHE ENTERA BOTELLA,LA SE,1,l,2238,auto,no
7798338290028,lacteos.leche_entera_1l,LECHE UAT ENTERA LAS TRES NIÑAS 1L BRK-1000-ML.,LAS TRES NIÑAS,0.001,l,2225,auto,no
7790742192301,lacteos.leche_entera_1l,LECHE ENTERA 3% SACH,CASAN,1,l,2185,auto,no
7790742348302,lacteos.leche_entera_1l,LECHE ENT 3% BIENESTAR LA SERENISIMA SACHET 1 LT,LA SERENISIMA,1,un,2046,auto,no
7793913001822,lacteos.leche_entera_1l,LECHE ENTERA LV,TREGA,1,l,1654,auto,no
7794820903100,lacteos.leche_entera_1l,LECHE ENT LARGA VIDA,MILKA,1,l,1122,auto,no
8480017006080,lacteos.leche_entera_1l,LECHE ENT LARGA VIDA,DIA,1,l,968,auto,no
7791058000731,lacteos.leche_entera_1l,LECHE MANFREY ENTERA U.A.T. BRK-1000-ML.,MANFREY,0.001,l,475,auto,no
7790742448309,lacteos.leche_entera_1l,LECHE ENTERA MULT VIT 3% LA SERENISIMA SACHET X 1L,LA SERENISIMA,1,un,401,auto,no
7790787002528,lacteos.leche_entera_1l,LECHE L/V ILOLAY ENTERA,ILOLAY,1,l,327,auto,no
7798179070650,lacteos.leche_entera_1l,LECHE SILVIA SACH ENTERA,SILVIA,1,l,201,auto,no
7798338290479,lacteos.leche_entera_1l,LECHE ENTERA LV UAT,APOSTOLES,1,l,173,auto,no
7798001562599,lacteos.leche_entera_1l,LECHE UAT ENT CREMIGAL,CREMIGAL,1,l,157,auto,no
7798024394085,lacteos.leche_entera_1l,"LECHE ENTERA ULTRA FORTIF. SACHET, LA ANONIMA, 1000 CM3",LA ANONIMA,1,l,156,auto,no
7791102074022,lacteos.leche_entera_1l,LECHE SACH ENT COOPERATIV,COOPERATIVA,1,l,154,auto,no
7791287006115,lacteos.leche_entera_1l,LECHE ENT LA NUEVA SACHET,LA NUEVA,1,l,154,auto,no
7798338290486,lacteos.leche_entera_1l,LECHE LV ENT ANGELITA,ANGELITA,1,l,152,auto,no
7798039600058,lacteos.leche_entera_1l,LECHE ENTERA COTO ULTRAPASTEURIZADA SCH 1 LTR,COTO,1,l,118,auto,no
7798039600034,lacteos.leche_entera_1l,LECHE ENTERA COTO LV VIT.A/D TTB 1 LTR,COTO,1,l,116,auto,no
7791058000595,lacteos.leche_entera_1l,LECHE ENT ULT MANFREY SACHET X 1 LT,MANFREY,1,un,109,auto,no
7798270248866,lacteos.leche_entera_1l,ACUENTA LECHE ENTERA 1LT,ACUENTA,1,l,93,auto,no
7799120000245,lacteos.leche_entera_1l,GV LECHE ENTERA UHT,GREAT VALUE,1,l,93,auto,no
7798125301562,lacteos.leche_entera_1l,LECHE L/V P PRECIO ENTERA,PRIMER PRECIO,1,l,88,auto,no
7730105821752,lacteos.leche_entera_1l,LECHE ENT.LV UAT CONAPROLE TTB 1 LTR,CONAPROLE,1,l,80,auto,no
7790080038217,lacteos.leche_entera_1l,LECHE SANCOR ENTERA C/B9 LV 1LT,SANCOR,1,l,24,auto,no
7798337270014,lacteos.leche_entera_1l,LECHE ENTERA MAMUU,MAMUU,1,l,13,auto,no
0010580301107,lacteos.leche_entera_1l,LECHE MANFREY ENTERA ULTRAPAST. 1LT.SACH,MANFREY COOP.TAMB.COM.E IND.,1,l,11,auto,no
7790897000162,lacteos.leche_entera_1l,LECHE WINDY ULTRA ENTERA 1LT.SACHET,PGB SA,1,l,11,auto,no
7793940448003,lacteos.leche_entera_1l,LECHE LS ENT. 3% X1LTS SACHET,,1,l,3,auto,no
7794820015254,lacteos.leche_entera_1l,LECHE UAT MILKAUT ENTERA 1 LT,MILKAUT,1,l,3,auto,no
7794396004515,lacteos.leche_entera_1l,LECHE LV ENTERA LA SUIPAC,LA SUIPACHENSE,1,l,1,auto,no
7798084340077,lacteos.leche_entera_1l,LECHE ENTERA MARIA LUISA 1 LTS.,LACTEOS DOÑA LUISA,1,l,1,auto,no
7798321151367,lacteos.leche_entera_1l,LECHE ENTERA LECHELITA UA,LECHELITA,1,l,1,auto,no
7793940054006,lacteos.manteca_200g,MANTECA X 200GR,SEREN,0.2,kg,2488,auto,no
7798060850026,lacteos.manteca_200g,MANTECA CALIDAD EXTRA TONADITA X 200 GRS,TONADITA,1,un,2424,auto,no
7790398100088,lacteos.manteca_200g,MANTECA,LAPAU,0.2,kg,2371,auto,no
7790787960668,lacteos.manteca_200g,MANTECA,ILOLA,0.2,kg,2064,auto,no
7798060853300,lacteos.manteca_200g,MANTECA TONADITA SIN LACTOSA X 200 GRM,TONADITA,1,un,1158,auto,no
7790742345707,lacteos.manteca_200g,MANTECA LIGHT LA SERENISIMA X 200 GRS,LA SERENISIMA,1,un,1122,auto,no
7798060852747,lacteos.manteca_200g,MANTECA S SAL TONADITA X 200 GRS,TONADITA,1,un,1118,auto,no
7798085370080,lacteos.manteca_200g,MANTECA PRIMER PREMIO X 200 GRS,PRIMER PREMIO,1,un,1086,auto,no
7791696012479,lacteos.manteca_200g,MADELEINES MANTECA,CRIST,0.2,kg,982,auto,no
8480017290649,lacteos.manteca_200g,MANTECA SIN SAL,DIA,0.2,kg,969,auto,no
8480017303325,lacteos.manteca_200g,MANTECA C/EXTR PLATA,DIA,0.2,kg,968,auto,no
7798060852044,lacteos.manteca_200g,MANTECA CLASICA COTAMPO,COTAMPO,0.2,kg,477,auto,no
7794820903308,lacteos.manteca_200g,MANTECA MILKAUT,MILKAUT,0.2,kg,438,auto,no
7798060853041,lacteos.manteca_200g,MANTECA EXTRA SAL TONADIT,TONADITA,0.2,kg,361,auto,no
7798344910286,lacteos.manteca_200g,MANTECA SYS,SYS,0.2,kg,247,auto,no
7790616000725,lacteos.manteca_200g,MANTECA VACALIN PAN 200 GRM,VACALIN,0.2,kg,190,auto,no
7799044054522,lacteos.manteca_200g,"MANTECA CALIDAD EXTRA, BEST, 200 GR",BEST,0.2,kg,166,auto,no
7791102047200,lacteos.manteca_200g,MANTECA COOPERATIVA,COOPERATIVA,0.2,kg,154,auto,no
7794480000232,lacteos.manteca_200g,MANTECA P.PRECIO S/SAL AG,PRIMER PRECIO,0.2,kg,153,auto,no
7798039600027,lacteos.manteca_200g,MANTECA COTO PAN 200 GRM,COTO,0.2,kg,119,auto,no
0000077306197,lacteos.manteca_200g,MANTECA SIN SAL CONAPROLE PAQ 200 GRM,CONAPROLE,0.2,kg,118,auto,no
0000077306456,lacteos.manteca_200g,MANTECA CONAPROLE PAQ 200 GRM,CONAPROLE,0.2,kg,116,auto,no
0793969028238,lacteos.manteca_200g,MANTECA GHEE AJO V YOGUI,LA VACA YOGUI,0.2,kg,108,auto,no
0793969028245,lacteos.manteca_200g,MANTECA GHEE CURC YOGUI,LA VACA YOGUI,0.2,kg,108,auto,no
7798331180012,lacteos.manteca_200g,LECHUGA MANTECA HIDROPONICA VEQUA BSA-1-UN.,SIN MARCA,1,un,107,auto,no
7790080010879,lacteos.manteca_200g,SANCOR MANTECA 200GR,SANCOR,0.2,kg,103,auto,no
7798312320284,lacteos.manteca_200g,MANTECA CALIDAD EXTRA SANTA CLARA PAN X 200 GR,SANTA CLARA,1,un,94,auto,no
7798153715225,lacteos.manteca_200g,CHECK MANTECA 200GR,CHECK,0.2,kg,93,auto,no
7798334440106,lacteos.manteca_200g,MANTECA,TEODORO,0.2,kg,27,auto,no
7791058000045,lacteos.manteca_200g,"MANTECA, MANFREY, 200 GR",MANFREY,0.2,kg,12,auto,no
7794820000601,lacteos.manteca_200g,MANTECA MILKAUT 200GR.,MANTECA MILKAUT,1,un,10,auto,no
0000077900067,lacteos.manteca_200g,MANTECA ILOLAY 200 GRS.,WILLINER,0.2,kg,3,auto,no
7795793102088,lacteos.manteca_200g,MANTECA RAMOLAC X200G.,,0.2,kg,3,auto,no
7798195190011,lacteos.manteca_200g,MANTECA NC X200G.,,0.2,kg,3,auto,no
7798060852068,lacteos.manteca_200g,MANTECA PRIMER PRECIO 200 GRS.,LUIS MARCOTEGUI,0.2,kg,2,auto,no
7791337010215,lacteos.yogur_bebible_litro,YOGUR BEBIB FRUTILLA LA SERENISIMA SACHET X 900 GR,LA SERENISIMA,1,un,2247,auto,no
7791337009691,lacteos.yogur_bebible_litro,YOGUR BEBIBLE VAINIL,GRANC,0.9,kg,2241,auto,no
7791337010475,lacteos.yogur_bebible_litro,YOGUR BEBIB DESC FRU LA SERENISIMA SACHET X 900 CC,LA SERENISIMA,1,un,2241,auto,no
7791337010369,lacteos.yogur_bebible_litro,YOGUR BEBIB VAINILLA LA SERENISIMA SACHET X 900 GR,LA SERENISIMA,1,un,2240,auto,no
7791337010468,lacteos.yogur_bebible_litro,YOGUR BEBIB DESC VAI LA SERENISIMA SACHET X 900 CC,LA SERENISIMA,1,un,2239,auto,no
7791337009684,lacteos.yogur_bebible_litro,YOGUR BEBIBLE FRUTILLA GRAN COMPRA SABOR X 900GRS,GRAN COMPRA,1,un,2238,auto,no
7791337009639,lacteos.yogur_bebible_litro,YOGUR DESC BEBIBLE FRUTILLA SER SACHET X 900 GRS,SER,1,un,1980,auto,no
7794820902264,lacteos.yogur_bebible_litro,YOGUR BEB.ENTERO FRUTILLA MILKAUT SCH 900 GRM,MILKAUT,0.9,kg,1970,auto,no
7794820902257,lacteos.yogur_bebible_litro,YOGUR BEB.ENTERO VAINILLA MILKAUT SCH 900 GRM,MILKAUT,0.9,kg,1923,auto,no
7791337010376,lacteos.yogur_bebible_litro,YOGUR BEBIBLE DURAZNO LA SERENISIMA SACHET X900 GR,LA SERENISIMA,1,un,1675,auto,no
7791337009622,lacteos.yogur_bebible_litro,YOGUR DESC BEBIBLE VAINILLA SER SACHET X 900 GRS,SER,1,un,1656,auto,no
7791337010833,lacteos.yogur_bebible_litro,YOGUR GRIEGO BEB FRUTILLA YOGURISIMO SACH X900G,YOGURISIMO,1,un,1576,auto,no
7791337010857,lacteos.yogur_bebible_litro,YOGUR GRIEGO BEB VAINILLA YOGURISIMO SACH X900G,YOGURISIMO,1,un,1562,auto,no
7791337010871,lacteos.yogur_bebible_litro,YOGUR GRIEGO BEB NATURAL YOGURISIMO SACH X900G,YOGURISIMO,1,un,1500,auto,no
7794820903605,lacteos.yogur_bebible_litro,YOGUR BEBIBLE NATURA,MILKA,0.95,kg,1358,auto,no
7791337009394,lacteos.yogur_bebible_litro,YOGUR BEBIBLE FRUT Y MZNA ACTIVIA SOBRE X 900 GRS,ACTIVIA,1,un,1225,auto,no
7791337009400,lacteos.yogur_bebible_litro,BEBIBLE YOGUR CIRUELA ACTIVIA SOBRE X 900 GRS,ACTIVIA,1,un,1173,auto,no
7791337010482,lacteos.yogur_bebible_litro,YOGUR BEB DESLAC VAINI LA SERENISIMA SACHET X 900G,LA SERENISIMA,1,un,1141,auto,no
7791337010499,lacteos.yogur_bebible_litro,YOGUR BEB DESLAC FRUTI LA SERENISIMA SACHET X 900G,LA SERENISIMA,1,un,1129,auto,no
7794820902707,lacteos.yogur_bebible_litro,"YOGUR DESC. BEB. FRUTILLA SACHET, MILKAUT, 900 GR",MILKAUT,0.9,kg,1051,auto,no
7794820902714,lacteos.yogur_bebible_litro,"YOGUR DESC. BEB. VAINILLA SACHET, MILKAUT, 900 GR",MILKAUT,0.9,kg,1001,auto,no
7793913013375,lacteos.yogur_bebible_litro,"YOGUR ENT.BEBIBLE ARANDANO SACHET, TREGAR, 900 GR",TREGAR,0.9,kg,608,auto,no
7793913013597,lacteos.yogur_bebible_litro,YOGUR DESCREMADO BEBIBLE FRUTILLA TREGAR X 900 GRS,TREGAR,1,un,600,auto,no
7793913013573,lacteos.yogur_bebible_litro,YOGUR SEMIDESCRE BEBIBLE FRUTILLA TREGAR X 900 GRS,TREGAR,1,un,576,auto,no
7790787960552,lacteos.yogur_bebible_litro,YOGUR BEBIB DESC FRUTILLA ILOLAY SACHET X 900 GRS,ILOLAY,1,un,574,auto,no
7790787960514,lacteos.yogur_bebible_litro,YOGUR BEBIB PARC DESC FRUT ILOLAY SACHET X 900 GRS,ILOLAY,1,un,572,auto,no
7791337008229,lacteos.yogur_bebible_litro,"YOGUR BEB.FRUTILLA C/PROB.SACHET, YOGURISIMO, 900 GR",YOGURISIMO,0.9,kg,568,auto,no
7793913013580,lacteos.yogur_bebible_litro,YOGUR SEMIDESCRE BEBIBLE VAINILLA TREGAR X 900 GRS,TREGAR,1,un,563,auto,no
7793913013603,lacteos.yogur_bebible_litro,YOGUR DESCREMADO BEBIBLE VAINILLA TREGAR X 900 GRS,TREGAR,1,un,559,auto,no
7791337008243,lacteos.yogur_bebible_litro,"YOGUR BEB.VAINILLA C/PROB.SACHET, YOGURISIMO, 900 GR",YOGURISIMO,0.9,kg,492,auto,no
7790787960569,lacteos.yogur_bebible_litro,YOGUR BEBIB DESC VAINILLA ILOLAY SACHET X 900 GR,ILOLAY,1,un,456,auto,no
7790787960781,lacteos.yogur_bebible_litro,"YOGUR PARC.DESC.BEB.VAINILLA TETRA, ILOLAY, 950 GR",ILOLAY,0.95,kg,456,auto,no
7790787960521,lacteos.yogur_bebible_litro,YOGUR BEBIB PARC DESC VAIN ILOLAY SACHET X 900 GR,ILOLAY,1,un,451,auto,no
7790787960804,lacteos.yogur_bebible_litro,"YOGUR DESCREM.BEB.FRUTILLA TETRA, ILOLAY, 950 GR",ILOLAY,0.95,kg,450,auto,no
7790787960774,lacteos.yogur_bebible_litro,"YOGUR PARC.DESC.BEB.FRUTILLA TETRA, ILOLAY, 950 GR",ILOLAY,0.95,kg,448,auto,no
7794820902240,lacteos.yogur_bebible_litro,YOGUR BEB.ENTERO DURAZNO MILKAUT SCH 900 GRM,MILKAUT,0.9,kg,444,auto,no
7794820903216,lacteos.yogur_bebible_litro,YOGUR BEBI.ENT.SAB.VAINILLA MILKAUT BOT 950 GRM,MILKAUT,0.95,kg,440,auto,no
7790787960811,lacteos.yogur_bebible_litro,"YOGUR DESCREM.BEB.VAINILLA TETRA, ILOLAY, 950 GR",ILOLAY,0.95,kg,436,auto,no
7794820903209,lacteos.yogur_bebible_litro,YOGUR BEBI.ENT.SAB.FRUTILLA MILKAUT BOT 950 GRM,MILKAUT,0.95,kg,432,auto,no
7791337009776,lacteos.yogur_bebible_litro,"YOGUR BEB. C/ PROB. NATURAL SACHET, YOGURISIMO, 900 GR",YOGURISIMO,0.9,kg,408,auto,no
7791337008267,lacteos.yogur_bebible_litro,"YOGUR BEB.BANANA C/PROB.SACHET, YOGURISIMO, 900 GR",YOGURISIMO,0.9,kg,395,auto,no
7793913013368,lacteos.yogur_bebible_litro,YOGUR ENTERO BEBIBLE DURAZNO TREGAR X 900 GRS,TREGAR,1,un,336,auto,no
7790787960798,lacteos.yogur_bebible_litro,YOGURT BEBIBLE ENT.DURAZNO ILOLAY TTB 950 GRM,ILOLAY,0.95,kg,304,auto,no
7791337010895,lacteos.yogur_bebible_litro,YOGUR GRIEGO BEB FRUTILLA YOGURISIMO SACH X1100G,YOGURISIMO,1,un,207,auto,no
7798335282361,lacteos.yogur_bebible_litro,YOGUR BEBIBLE ENT.SAB.FRUTILLA GANDARA SCH 900 GRM,GANDARA,0.9,kg,202,auto,no
7798335282378,lacteos.yogur_bebible_litro,YOGUR BEBIBLE ENT.SAB.VAINILLA GANDARA SCH 900 GRM,GANDARA,0.9,kg,201,auto,no
7791337008625,lacteos.yogur_bebible_litro,YOGUR BEBIBLE FRUTILLA,YOGURISIMO,1.1,kg,198,auto,no
7791337008618,lacteos.yogur_bebible_litro,YOGUR BEBIBLE VAINILLA,YOGURISIMO,1.1,kg,173,auto,no
7791337010901,lacteos.yogur_bebible_litro,YOGUR GRIEGO BEB VAINILLA YOGURISIMO SACH X1100G,YOGURISIMO,1,un,167,auto,no
7793913013801,lacteos.yogur_bebible_litro,YOGUR BEBIBLE DES.SAB.DURAZNO TREGAR SCH 900 GRM,TREGAR,0.9,kg,159,auto,no
7798335288493,lacteos.yogur_bebible_litro,YOGUR BEB.P/DESCRE.SAB.DURAZNO GANDARA SCH 900 GRM,GANDARA,0.9,kg,108,auto,no
7791337010864,lacteos.yogur_bebible_litro,YOGUR GRIEGO BEB BANANA YOGURISIMO SACH X900G,YOGURISIMO,1,un,99,auto,no
7791058790762,lacteos.yogur_bebible_litro,YOGUR BEB ENTERO FRUTILLA MANFREY SACHET X 900 GRS,MANFREY,1,un,73,auto,no
7791058790755,lacteos.yogur_bebible_litro,YOGUR BEB ENT FRUTO D BOSQ MANFREY SACHET X 900 GR,MANFREY,1,un,69,auto,no
7791058790779,lacteos.yogur_bebible_litro,YOGUR BEB ENTERO VAINILLA MANFREY SACHET X 900 GRS,MANFREY,1,un,55,auto,no
7791058790786,lacteos.yogur_bebible_litro,YOGUR BEBIBL ENTERO BANANA MANFREY SACHET X 900 GR,MANFREY,1,un,54,auto,no
7791058790793,lacteos.yogur_bebible_litro,YOGUR BEBIB ENTERO DURAZNO MANFREY SACHET X 900 GR,MANFREY,1,un,52,auto,no
7791058790809,lacteos.yogur_bebible_litro,YOGUR BEB DESCREM FRUTILLA MANFREY SACHET X 900 GR,MANFREY,1,un,52,auto,no
7791058790816,lacteos.yogur_bebible_litro,YOGUR BEB DESCREM VAINILLA MANFREY SACHET X 900 GR,MANFREY,1,un,52,auto,no
7791241961313,lacteos.yogur_bebible_litro,YOGUR LA LACTEO BEB.ENT.FRUTILLA 1KG.SAC,LA LACTEO S.A.,1,kg,11,auto,no
7791241961337,lacteos.yogur_bebible_litro,YOGUR LA LACTEO BEB.ENT.VAINILLA 1KG.SAC,LA LACTEO S.A.,1,kg,11,auto,no
7791337010321,lacteos.yogur_firme_pote,YOGUR DESC FIRME VAINILLA LA SERENISIMA POTE X190G,LA SERENISIMA,1,un,2219,auto,no
7791337010338,lacteos.yogur_firme_pote,YOGUR DESC FIRME FRUTILLA LA SERENISIMA POTE X190G,LA SERENISIMA,1,un,2218,auto,no
7791337010208,lacteos.yogur_firme_pote,YOGUR FIRME ENT VAINILLA,LA SERENISIMA,0.12,kg,2168,auto,no
7791337007611,lacteos.yogur_firme_pote,"YOGUR POTE FIRME FRUTILLA, YOGURISIMO, 190 GR",YOGURISIMO,0.19,kg,603,auto,no
7791337007628,lacteos.yogur_firme_pote,"YOGUR POTE FIRME VAINILLA, YOGURISIMO, 190 GR",YOGURISIMO,0.19,kg,555,auto,no
7790787110520,lacteos.yogur_firme_pote,"YOGUR FIRME DESC.FRUTILLA, ILOLAY, 190 GR",ILOLAY,0.19,kg,321,auto,no
7790787110513,lacteos.yogur_firme_pote,"YOGUR FIRME DESC.VAINILLA, ILOLAY, 190 GR",ILOLAY,0.19,kg,307,auto,no
7793913014112,lacteos.yogur_firme_pote,"YOGUR LIGHT FIRME VAINILLA, TREGAR, 170 GR",TREGAR,0.17,kg,249,auto,no
7793913014075,lacteos.yogur_firme_pote,"YOGUR FIRME FRUTILLA, TREGAR, 170 GR",TREGAR,0.17,kg,247,auto,no
7793913014082,lacteos.yogur_firme_pote,"YOGUR FIRME VAINILLA, TREGAR, 170 GR",TREGAR,0.17,kg,246,auto,no
7793913014105,lacteos.yogur_firme_pote,"YOGUR LIGHT FIRME FRUTILLA, TREGAR, 170 GR",TREGAR,0.17,kg,245,auto,no
7798136870552,lacteos.yogur_firme_pote,"YOGUR FIRME ENT.NATURAL CON AZUC., DAHI, 190 GR",DAHI,0.19,kg,204,auto,no
7798335288271,lacteos.yogur_firme_pote,YOGUR ENT.FIRME SAB.NATURAL S/AZUCAR GANDARA FRA 200 GRM,GANDARA,0.2,kg,198,auto,no
7798335288233,lacteos.yogur_firme_pote,YOGUR ENT.FIRME SAB.VAINILLA GANDARA FRA 200 GRM,GANDARA,0.2,kg,197,auto,no
7798335288226,lacteos.yogur_firme_pote,YOGUR ENT.FIRME SAB.FRUTILLA GANDARA FRA 200 GRM,GANDARA,0.2,kg,192,auto,no
7798327840012,lacteos.yogur_firme_pote,YOGUR LA DELFINA FIRME NATURAL 160G FCO-160-GR.,LA DELFINA,0.00017,kg,39,auto,no
7791058790410,lacteos.yogur_firme_pote,"YOGUR DESC.FIRME FRUTILLA, MANFREY, 140 GR",MANFREY,0.14,kg,30,auto,no
7791337007420,lacteos.yogur_firme_pote,YOGUR LS CLAS FIRME,LA SERENISIMA,0.12,kg,29,auto,no
7798327840234,lacteos.yogur_firme_pote,YOGUR LA DELFINA FIRME NAT DESLAC 160G FCO-160-GR.,LA DELFINA,0.00017,kg,22,auto,no
7791058790427,lacteos.yogur_firme_pote,"YOGUR DESC.FIRME VAINILLA, MANFREY, 140 GR",MANFREY,0.14,kg,18,auto,no
0010580602211,lacteos.yogur_firme_pote,YOGUR YOFREY FIRME SAB.D.DE LECHE 140GR.,MANFREY COOP.TAMB.COM.E IND.,0.14,kg,11,auto,no
7791337007437,lacteos.yogur_firme_pote,YOGUR LS CLAS FRUT FIRME,LA SERENISIMA,0.12,kg,9,auto,no
